id,createdAt,questionnaire_age,questionnaire_gender,questionnaire_timestamp,questionnaire_tax_attitude,questionnaire_diet_frequency,questionnaire_discussion_frequency,experiment_timestamp,experiment_comment_text,experiment_experimentVersion,feedback_timestamp,feedback_technical_issues,feedback_interesting_observations
P_2025_04_22_VZJYD6,2025-04-22 09:58:26.05,22,female,2025-04-22T10:00:58.393Z,1,4,0,2025-04-22T10:10:02.123Z,"Ett höjt pris på kött hade ökat min motivation till att köpa mer vego. Förstår att alla inte håller med om artikelns innehåll, men förstår inte varför det måste bli så otrevlig ton i kommentarerna",experiment3.html,2025-04-22T10:11:02.151Z,,
P_2025_04_22_PB7THQ,2025-04-22 10:01:01.631,37,female,2025-04-22T10:01:01.630Z,2,2,3,2025-04-22T10:09:21.214Z,"Kan man verkligen likställa konsumering av kött och cigaretter? Det ena har viktiga aminosyror som vår kropp inte kan tillverka själva och därmed måste få genom kosten, medan tobak och nikotin inte bara är carcinogent för användaren (som kan förvänta sig en tidig död) utan även påverkar andra negativt? Dessutom skulle en köttskatt bara påverka de som redan har det skralt på bankkontot. Jag tror man får tänka om här…",experiment4.html,2025-04-22T10:11:45.857Z,,"Man ställdes en fråga hur man ställer sig till köttskatt, och jag valde neutral. Men om det funnits så hade jag kryssat i ”Jag vet för lite om ämnet för att ha en åsikt”."
P_2025_04_22_GGZ8RZ,2025-04-22 10:13:20.12,39,female,2025-04-22T10:13:20.119Z,2,3,1,2025-04-22T10:17:39.195Z,"Om kommentarerna i exemplet ovan är äkta så blir jag bekymrad, och det bäddar inte direkt för en resonlig och relevant diskussion. 

Vad gäller ämnet så anser jag inte att det är skatt på slutprodukten som är rätt väg att gå, att äta kvalitativt kött i rimlig mängd är inte farligt utan tvärtom bra. Däremot kan man argumentera för hur djurhållning och annat hanteras, och det är snarare där man bör lägga fokus och insatser. ",experiment2.html,2025-04-22T10:18:20.761Z,,
P_2025_04_22_9KZB7Q,2025-04-22 09:59:35.77,22,female,2025-04-22T09:59:35.768Z,0,2,0,2025-04-22T10:13:26.226Z,@deltagare25 🙌,experiment4.html,2025-04-22T10:14:38.181Z,,
P_2025_04_22_IGA5KK,2025-04-22 09:13:54.202,49,male,2025-04-22T09:15:53.859Z,2,3,0,2025-04-22T09:17:13.502Z,Punktskatt på kött kan vara ett bra styrmedel till mer hållbar föda ,experiment2.html,,,
P_2025_04_22_XSSGZN,2025-04-22 09:13:22.134,52,female,2025-04-22T09:13:20.939Z,1,3,0,2025-04-22T09:18:21.977Z,Jag tycker det är en svår fråga. Köttskatt innebär att det blir en klassfråga att äta kött. Sedan är det inte helt säkert att alla veganska alternativ faktiskt ÄR mer miljövänliga. Det finns tyvärr viss vegansk produktion som inte alls är bra för miljön. Tycker Peta blandar ihop äpplen o päron. ,experiment1.html,,,
P_2025_04_22_HVRX0O,2025-04-22 09:45:44.437,32,female,2025-04-22T09:45:43.144Z,3,0,1,2025-04-22T09:51:19.445Z,"@deltagare19, ja kött innehåller alla essentiella aminosyror och jag som är vegan anser att små barn ska äta kött minst en gång om dagen för att främja längdtillväxt och se till näringsbehovet.  Dock är köttkonsumtionen alldeles för hög idag bland vuxna och man behöver inte äta kött till varje måltid, det räcker med ex 3 ggr/vecka för att mätta ditt näringsbehov. ",experiment2.html,,,
P_2025_04_22_Q33MUR,2025-04-22 10:18:07.892,25,male,2025-04-22T10:18:07.891Z,2,4,0,2025-04-22T10:22:07.641Z,@deltagare25 eld! ,experiment1.html,2025-04-22T10:22:36.889Z,,
P_2025_04_22_6MSTPK,2025-04-22 10:15:31.135,46,female,2025-04-22T10:15:31.134Z,1,3,1,2025-04-22T10:19:07.592Z,Människor kämpar redan nu med ekonomin och att då låta det bli ännu mer av en klassfråga om vad man har råd att äta just nu känns väl så där. ,experiment1.html,,,
P_2025_04_22_ZNJ1LR,2025-04-22 10:51:05.838,39,female,2025-04-22T10:51:05.139Z,3,3,4,2025-04-22T10:54:45.726Z,Jag håller med om att det är en bra idé. Men det borde tydliggöras mer för allmänheten vad som ligger bakom. Ställ upp olika livsmedel och produkters hälsoeffekter och klimateffekter så folk får jämföra o förstå. ,experiment1.html,,,
P_2025_04_22_SCGR48,2025-04-22 11:14:04.856,20,female,2025-04-22T11:14:03.486Z,3,4,0,2025-04-22T11:19:27.766Z,Kan tycka att priset på kött kan höjas om de extra slantarna går till köttbönderna så förhållanden för djuren kan förbättras. Så länge livsmedelskedjorna då kan komma överens om att SÄNKAAAA resten av matpriserna,experiment3.html,2025-04-22T11:20:10.101Z,Nej,
P_2025_04_22_HBM7AD,2025-04-22 11:27:15.59,23,female,2025-04-22T11:27:14.407Z,2,3,0,2025-04-22T11:32:51.278Z,Det hade väl inte varit helt orimligt. Frågan är om folk kommer få i sig tillräckligt med näringsämnen om de slutar med kött från ingenstans. Potentiellt börja med att skaffa mer vegetariska alternativ och göra det attraktivare med vegetariskt. Uppenbarligen finns det väldigt många vegetarianer i Tyskland redan och de har inte skatt på kött än. ,experiment2.html,,,
P_2025_04_22_1SH4X0,2025-04-22 13:22:03.276,28,female,2025-04-22T13:22:02.050Z,4,0,0,2025-04-22T13:24:59.611Z,Jag tycker att artikeln lyfter en viktig fråga och att köttskatt borde införas. ,experiment4.html,,,
P_2025_04_22_09TZBK,2025-04-22 12:30:49.617,23,female,2025-04-22T12:30:48.309Z,2,3,0,2025-04-22T12:37:05.821Z,"Jag håller inte med om att man kan jämföra en köttskatt med snus, det är skadligare än kött för miljön.",experiment1.html,2025-04-22T12:37:32.866Z,,
P_2025_04_22_E2JR50,2025-04-22 15:06:07.672,52,female,2025-04-22T15:06:07.666Z,2,3,0,2025-04-22T15:10:29.485Z,Skatta gärna kött från vanliga köttindustri men låt bli att skatt kött från djur som levt som djur bör få leva.  ,experiment4.html,,,
P_2025_04_22_V6Q9XX,2025-04-22 12:38:49.299,27,female,2025-04-22T12:38:48.487Z,2,3,0,2025-04-22T12:49:29.755Z,Jag håller med en tidigare @deltagare25 som nämner ”köttskatt utifrån vart köttet köps” - te.x för gårdar/ företag som massproducerar kött av sämre kvalité. Men skatten borde isåfall inte gälla lokala gårdar med bättre djurhållning och kvalité på köttet. Detta för att stärka självförsörjningen. ,experiment4.html,2025-04-22T12:50:05.845Z,,
P_2025_04_22_TP5V6X,2025-04-22 12:50:26.817,40,female,2025-04-22T12:50:26.128Z,2,4,0,2025-04-22T12:56:56.456Z,Jag tror inte skatter löser problemet med en dåliga djurhållningen. Kanske skulle vara bättre med tätare kontroller på gårdarna utan förvarning för att komma åt just det problemet. ,experiment4.html,2025-04-22T12:58:30.189Z,,
P_2025_04_22_HFRFYT,2025-04-22 13:16:18.429,35,female,2025-04-22T13:28:26.689Z,2,0,0,2025-04-22T13:33:58.763Z,"Först och främst tycker jag att vi absolut bör minska andelen kött som importeras genom att ställa högre krav på djurrätt och miljö. Fokus på djurrätt, miljö och Sveriges bönder innan prat om skatt.",experiment1.html,2025-04-22T13:35:14.720Z,,
P_2025_04_22_PLYQMB,2025-04-22 14:51:20.22,26,female,2025-04-22T14:51:18.941Z,2,2,0,2025-04-22T15:05:17.329Z,"Jag håller med om att något borde göras för att förbättra djurens levnadsmiljö men är tveksam till om köttskatt är rätt väg, det hade likaväl kunnat leda till att man försöker producera köttet ännu billigare och det istället blir en sämre miljö för djuren. I övrigt tror jag att fler hade tagit till sig informationen i artikeln om studien som hänvisas till specificerades närmre så man som läsare enkelt kan läsa den själv. ",experiment1.html,2025-04-22T15:06:29.041Z,,
P_2025_04_22_TLQCA9,2025-04-22 13:56:12.395,45,female,2025-04-22T13:56:11.051Z,2,3,1,2025-04-22T14:04:25.132Z,vilka garantier finns att djuren kommer tas bättre omhand när köttet blir dyrare... ,experiment2.html,2025-04-22T14:04:53.654Z,,
P_2025_04_22_1ISFI6,2025-04-22 15:31:32.784,23,female,2025-04-22T15:31:32.783Z,1,3,0,2025-04-22T15:33:44.525Z,Efter att ha andats i 10 sekunder så ser jag både för- och nackdelar i förslaget ,experiment3.html,,,
P_2025_04_22_DIG9KS,2025-04-22 16:51:17.59,51,female,2025-04-22T16:51:16.480Z,2,3,0,2025-04-22T16:56:06.776Z,"Om man skulle införa köttskatt bör det gå tillbaka till de som tar fram bra vego mat, tex grönsaksproducerande bönder mm. för med rätt argument kan jag tänka mig att äta kött lite mer sällan å då dyrare.",experiment1.html,2025-04-22T16:56:53.059Z,,
P_2025_04_22_CUYNVH,2025-04-22 15:39:45.687,49,male,2025-04-22T15:39:45.685Z,1,4,0,2025-04-22T15:46:19.892Z,"Kött är nyttigt, kött är gott. Att skrämma bort konsumenter med hjälp av skatter är ett överförmynderi jag ogillar. Undantaget för mig är cigaretter trots att jag själv är rökare. Noll nytta för vare sig individ eller samhälle. Skyhöga kostnader för desamma. 

För övrigt är PETA ingen myndighet. ",experiment1.html,2025-04-22T15:46:58.241Z,Noll tekniska problem. ,
P_2025_04_22_GFWZWC,2025-04-22 15:59:59.492,25,female,2025-04-22T15:59:58.331Z,1,4,0,2025-04-22T16:04:31.379Z,"Känns som det finns så mycket annat som man bör fokusera på och jag tycker det är viktigt att se konsekvenserna med detta. Exempelvis: kommer folk välja alternativ som är minst lika dåliga för miljön, välja mer ohälsosamma alternativ ex. Halvfabrikat som mkt vegetarisk är osv",experiment2.html,2025-04-22T16:05:21.416Z,,Jätterolig idé! Inte sett något liknande innan 
P_2025_04_22_48DHL7,2025-04-22 16:36:14.626,23,female,2025-04-22T16:36:13.315Z,2,4,0,2025-04-22T16:41:00.493Z,Har du pengar kommer du ändå kunna göra vad du vill. All skatt som inte baseras på inkomst bidrar till klassklyftor.,experiment1.html,,,
P_2025_04_22_4CWZOA,2025-04-22 15:15:09.927,42,female,2025-05-04T09:21:17.000Z,2,2,0,2025-05-04T09:23:40.405Z,Hemskt att läsa och påminnas om. Någonting måste ju göras åt den hemska köttindustrin och skatt kanske faktiskt är rätt väg trots allt..,experiment4.html,2025-05-04T09:23:43.486Z,,
P_2025_04_22_6NKNZ2,2025-04-22 17:02:46.602,28,female,2025-04-22T17:02:45.335Z,2,3,0,2025-04-22T17:19:19.839Z,"Varför är cellodling på lab inget alternativ?  Tänk att cellodla en entrecote utan att skada ett enda djur. Hälsan är väl upp till var och en hur de vill leva, inte samhällets? 
Om cellodling dock var ett alternativ  men för ett dyrare pris hade jag lätt föredragit det framför dagens alternativ. ",experiment4.html,,,
P_2025_04_22_TCTXIO,2025-04-22 17:18:00,51,female,2025-04-22T17:17:58.650Z,2,2,0,2025-04-22T17:21:47.258Z,Instämmer @deltagare31,experiment3.html,2025-04-22T17:22:17.392Z,,
P_2025_04_22_KRJBAL,2025-04-22 17:32:26.323,53,female,2025-04-22T17:32:25.125Z,2,1,0,2025-04-22T17:37:27.626Z,Svårt att kommentera i denna djungel av icke så trevlig kommunikation men också pga jag inte (självvalt) äter knappt något kött alls. Och snälla ni behöver inte kommentera mitt inlägg. 🥗,experiment1.html,,,
P_2025_04_22_50PC1J,2025-04-22 18:06:28.887,50,male,2025-04-22T18:06:27.581Z,2,4,1,2025-04-22T18:12:31.097Z,Jag håller med om att det kan vara ett bra sätt att man betalar skatt för sin miljöpåverkan för att styra sin konsumtion. Detta bör dock vara generellt och inte bara riktat till en produkttyp. Men man skulle ju även kunna lägga den typ av beskattning direkt på producenten vilket kanske redan idag görs till viss del genom koldioxidskatt. Sedan tycker jag det blir svårt när artikeln blandar miljö och synen på om man ska äta kött och synen på djurhantering. Då blandas perspektiven ihop och jag blir kluven och osäker till vilket perspektiv som verkligen driver artikeln.   ,experiment1.html,2025-04-22T18:15:31.031Z,,"Artikeln som används är väldigt mångfaciterad och frågan om den handlar om miljö eller djurrätt. Man kan ju i teorin gilla kött, vara miljövän och även vara djurvän (beroende på hur man definierar det). "
P_2025_04_22_3PG3DG,2025-04-22 19:34:25.5,21,female,2025-04-22T19:34:25.499Z,3,3,0,2025-04-22T19:36:23.792Z,Jag håller med om att en köttskatt borde införas,experiment1.html,,,
P_2025_04_22_B2LPVI,2025-04-22 18:29:28.081,60,female,2025-04-22T18:29:26.784Z,2,3,0,2025-04-22T18:32:32.750Z,"Rätt neutral åsikt. Gillar kött och ser dess för och - nackdelar. 
",experiment2.html,2025-04-22T18:33:17.263Z,Nej,Väldigt olika nivåer på kommentarerna. 
P_2025_04_22_AD9VRR,2025-04-22 19:00:40.029,48,male,2025-04-22T19:00:40.028Z,3,3,0,2025-04-22T19:03:29.555Z,Tycker kanske att man ska göra starka lättnader för vegetariska alternativ och göra frukt och grönt helt skattefritt om det odlas i landet,experiment3.html,2025-04-22T19:05:58.853Z,Lite men det är försumbart men fick trycka på ”vidare-knappen” en extra gång i början bara,Tycker att såna här frågor är intressanta och tilltalande. Det behövs mer debatter om sånt här. 
P_2025_04_22_6D3RKM,2025-04-22 18:40:19.29,49,female,2025-04-22T18:40:17.908Z,2,3,0,2025-04-22T18:42:25.879Z,Tveksam om mer skatt är lösningen. Kommer drabba de som redan har det kärvt tex ensamstående mammor. ,experiment2.html,2025-04-22T18:42:55.963Z,,
P_2025_04_22_UJU176,2025-04-22 18:48:35.152,65,female,2025-04-22T18:48:35.150Z,1,2,2,2025-04-22T18:59:08.006Z,"Det mest bekymmersamma är all processad mat. Inte bra för klimatet, inte bra för hälsan och inte i närheten av att vara god.

Mer kött åt folket!",experiment1.html,,,
P_2025_04_22_VSR47N,2025-04-22 18:49:02.174,56,female,2025-04-22T18:49:02.173Z,2,4,1,2025-04-22T19:00:32.729Z,"För djurens skull absolut! 
Och vem vill inte ha en bättre hälsa och rädda vår planet. En kan inte göra allt, men många kan göra lite, som gör stor skillnad",experiment2.html,2025-04-22T19:02:07.352Z,,"Hur personer väljer att uttrycka sig är en vintig sak att diskutera, bra val av ämne!"
P_2025_04_22_ZPMQ9R,2025-04-22 19:12:51.729,42,female,2025-04-22T19:12:51.727Z,2,4,0,2025-04-22T19:19:54.516Z,"Instämmer med @deltagare37, det finns viktigare saker att lägga sin energi på.",experiment3.html,2025-04-22T19:20:45.662Z,,
P_2025_04_22_BSUUV8,2025-04-22 19:02:39.43,63,male,2025-04-22T19:02:39.428Z,0,4,3,2025-04-22T19:08:02.395Z,Jag tror inte köttskatt är vegen att gå. Man bör hellre fokusera på en bärkraftig produktion av kött. Det samma gäller också andra matvaror. ,experiment3.html,2025-04-22T19:10:08.367Z,,Jag tyckte många av kommentarerna var lite konstruktiva. Tyvärr är det också tillfället i många kommentarfelt. 
P_2025_04_22_VS8NDV,2025-04-22 19:26:48.131,65,female,2025-04-22T19:26:46.974Z,1,2,1,2025-04-22T19:28:39.473Z,Äter gärna kött och grönsaker ,experiment3.html,2025-04-22T19:29:07.848Z,Nej ,
P_2025_04_22_PC11LO,2025-04-22 19:34:25.819,50,male,2025-04-22T19:34:25.818Z,0,3,1,2025-04-22T19:37:04.869Z,Det räcker med befintliga skatter. Dyrt nog som det ät att äta svenskt. Viktigare att se till att ha hårda djurskyddskrav och se att de även gäller importerat kött.,experiment2.html,2025-04-22T19:37:30.868Z,,
P_2025_04_22_0TQF69,2025-04-22 19:35:44.586,55,female,2025-04-22T19:35:44.584Z,2,4,1,2025-04-22T19:39:30.188Z,"Det här får mig att fundera på hur jag, med eller utan skatt, ytterligare kan förändra mina vanor och äta mindre kött. Sedan ca 8-10 år tillbaka äter jag mindre kött än tidigare men jag kan nog ganska enkelt äta än mindre. Bra tankeställare! ",experiment4.html,,,
P_2025_04_22_FL0M1Q,2025-04-22 19:36:09.309,24,female,2025-04-22T19:36:09.308Z,2,3,0,2025-04-22T19:43:55.366Z,"Jag tycker artikeln är skriven på ett sätt som gör att jag inte litar på den. Den är inte trovärdig så jag blir mer skeptisk till innehållet då. Jag hade blivit mer övertygad om det stod ”skulle minskat utsläppen med X %” jämfört med det som står nu ”skulle minskat utsläppen rejält”. Ja, det kan jag också lista ut. Övrigt, köttskatt är väl inte så dumt. Finns dock många andra saker man kan fokusera på också för att främja den svenska hälsan. Ekonomi är tuff som den är så att addera en köttskatt löser nog inga problem helt själv, då får man nog sänka priserna på andra varor. Angående kommentarerna: jag sluta lyssna/läsa om det är folk som inte ens kan hålla en respektfull ton. Läser inte sån ”skit”. I regel tycker jag att folk som kommenterar på sociala medier är lite märkliga och kanske inte skarpaste personerna att ha en saklig diskussion med. ",experiment3.html,2025-04-22T19:44:19.292Z,,
P_2025_04_22_44X7IZ,2025-04-22 19:59:17.017,50,female,2025-04-22T19:59:17.002Z,2,4,2,2025-04-22T20:12:56.715Z,För hälsan är det bra att dra ner på köttet. För klimatet tänker jag att så länge det många länder som inför den typen av skatt så kan det säkert göra skillnad.,experiment2.html,2025-04-22T20:16:50.660Z,Inga tekniska problem.,Att de negativa kommentarerna tyvärr inte förvånade mig. 
P_2025_04_22_9WSE51,2025-04-22 19:32:26.381,51,male,2025-05-05T05:31:32.677Z,0,4,0,2025-05-05T05:38:26.024Z,Det är så klart extremt viktigt med god djurhållning. Förutsatt att man klarar det är det helt okej att äta kött.,experiment2.html,,,
P_2025_04_23_HTLTPJ,2025-04-23 06:58:33.567,23,female,2025-04-23T06:58:33.566Z,2,4,0,2025-04-23T07:21:45.267Z,Som @deltagare25 skriver tänker jag att det skulle kunna vara bra att införa skatt på oetiskt slaktat kött för att stötta lokala bönder och så vidare. Men lokalt producerat kött är oftast dyrare och resultatet av skatten blir att allt kött blir dyrare. Vilket är bra på så vis att man kanske tänker en extra gång innan man köper kött. Men samtidigt blir det en fråga om vem som har råd och vem som inte har det. Tror många som har råd skulle strunta i vad det egentligen kostar för att de vill ha sitt kött oavsett.,experiment3.html,2025-04-23T07:22:10.059Z,,
P_2025_04_23_IIOQX9,2025-04-23 05:08:05.926,50,female,2025-04-23T05:08:04.725Z,2,4,1,2025-04-23T05:14:11.779Z,För klimatets skull så kan jag absolut tänka mig en köttskatt!,experiment3.html,2025-04-23T05:16:35.662Z,Nej,
P_2025_04_23_OB3SOX,2025-04-23 05:30:37.897,53,male,2025-04-23T05:30:37.895Z,0,4,1,2025-04-23T05:34:55.356Z,"Alltid skatt på allt istället för att upplysa om problemen och vända opinionen och få medborgare att själva göra valet att inte äta så mycket kött. Höjda skatter på något brukar alltid betyda ökad brottslighet och smuggling. Jag som äter ekologiskt kött från egen gård, varför ska jag straffas för att andra vräker i sig fulkött från Irland?",experiment1.html,2025-04-23T05:35:40.934Z,,
P_2025_04_23_2LZSZM,2025-04-23 05:54:45.772,29,female,2025-04-23T05:54:44.618Z,3,0,0,2025-04-23T06:00:30.739Z,"Jag är positiv, men höjer man skatten i syfte att ändra beteende vore det mest rättvist att sänka skatten på något annat. I detta fall skulle skatten kunna sänkas för gröna produkter som kompensation på högre skatt på kött.",experiment2.html,2025-04-23T06:01:51.224Z,,
P_2025_04_23_KY0CWS,2025-04-23 06:45:07.542,41,female,2025-04-23T06:45:06.212Z,3,3,0,2025-04-23T06:55:32.625Z,"En viktig aspekt är att en skatt påverka tillverkarnas sätt att lansera nya produkter. Såg att man nu säljer köttfärs som heter hushållskött med 70 % nöt och 30% växtbaserat. Tror en skatt kommer tvinga aktörer att hitta proteinrik mat som kan fortsätta innehålla kött, men som nödvändigtvis inte är 100% kött.  ",experiment4.html,2025-04-23T06:56:16.049Z,,
P_2025_04_23_0CXGC8,2025-04-23 11:42:21.869,35,female,2025-04-23T11:42:20.511Z,2,4,0,2025-04-23T11:50:06.712Z,"Det som oroar mig mest i artikeln är att den bara visar på ett perspektiv. Jag säger inte att jag inte håller med om problematiken med mängden kött vi äter och djurens rätt, men utan en välbalanserad bild riskerar vi att inte komma någonstans. ",experiment4.html,2025-04-23T11:50:32.832Z,,
P_2025_04_23_KJ9RQP,2025-04-23 09:40:00.837,62,male,2025-04-23T09:39:59.641Z,0,4,3,2025-04-23T09:48:59.443Z,"Kött är dyrt redan som det är. En köttskatt skulle få allmänheten att äta mat med ännu sämre kvalitet. Bara titta på matkulturen i USA med ultraprocessat kött , hamburgare m.m och dess efterföljande effekt på folkhälsan, övervikt o hjärt kärlsjukdomar",experiment3.html,,,
P_2025_04_23_T6VJEM,2025-04-23 12:21:32.064,20,female,2025-04-23T12:21:30.759Z,2,0,0,2025-04-23T12:31:21.268Z,"Är själv vegan så bryr mig inte så mycket, men oroar mig över hetsen och fokuset på hälsa (både i artikeln och hos kommentarerna). Vet att det bara förstärker och förvärrar problemen vi har med ätstörningar idag i samhället. Något som ofta är ett större hälsoproblem en de till följd av ”ohälsosam mat”",experiment4.html,2025-04-23T12:33:37.342Z,,
P_2025_04_24_5K9AZZ,2025-04-24 04:30:29.685,26,female,2025-04-24T04:30:28.382Z,3,4,0,2025-04-24T04:38:31.530Z,"Jag tror att köttskatt skulle kunna vara ett bra idé för att minska köttkonsumtionen, men detta skulle troligtvis påverka våra svenska bönder negativt. Samtidigt skulle det innebära att rika kan fortsätta äta kött medans låginkomsttagare kanske  inte skulle ha möjligheten alls.",experiment4.html,,,
P_2025_04_24_RWXTAZ,2025-04-24 16:10:19.812,78,female,2025-04-24T16:10:18.615Z,0,3,0,2025-04-24T16:13:42.912Z,Håller med deltagare 20,experiment2.html,2025-04-24T16:14:52.674Z,,
P_2025_04_23_1YJRH8,2025-04-23 12:39:27.561,50,male,2025-04-23T12:39:26.052Z,3,4,0,2025-04-23T12:45:53.912Z,Eftersom kött har påverkan på klimatet så är det rimligt att det ska skattas. Dock skulle jag vilja nyansera så att kött som släpats tvärs över Atlanten får en högre skattesats än den närprocuderade köttbiten jag köper i den lokala gårdshandeln. ,experiment1.html,2025-04-23T12:49:16.239Z,,"För mig var ordet köttskatt ett nytt ord. Det blev därför en svajjig inledning på enkäten där jag tvekade om jag skulle kunna besvara en enkät där jag inte riktigt förstod innebörden i ett centralt ord. Ett tips framåt är att ni redan på sidan 1 (i anslutning till ålder och köttvanor) förklarar ordet köttskatt. ""Du kommer snart läsa en debattartikel om en potentiell köttskatt som skulle innebära att..."". "
P_2025_04_23_AWKTVS,2025-04-23 13:29:34.807,42,female,2025-04-23T13:29:33.458Z,2,4,0,2025-04-23T13:31:06.983Z,Tycker köttskatt är bra!,experiment2.html,2025-04-23T13:31:46.053Z,,
P_2025_04_24_K03AHN,2025-04-24 12:41:39.232,22,female,2025-04-24T12:41:37.922Z,2,3,0,2025-04-24T12:48:22.568Z,Intressant. ,experiment3.html,2025-04-24T12:49:45.990Z,,
P_2025_04_23_N7GMH6,2025-04-23 14:25:53.174,47,female,2025-04-23T14:25:51.804Z,2,3,0,2025-04-23T14:28:32.457Z,Jag tycker att sockerskatt vore ett bättre sätt att få in ytterligare skatt samt vara bra för människorna. ,experiment4.html,2025-04-23T14:29:03.535Z,,
P_2025_04_24_T3VERJ,2025-04-24 09:03:33.713,25,female,2025-04-24T09:03:32.441Z,2,3,0,2025-04-24T09:07:38.442Z,"Jag tycker att det kan vara effektivt att införa för att minska utsläpp, men jag tror att vi kan höja/addera skatt på annat först som är mer farligt för människan och miljön. Vi behöver kött, det är näringsrikt. Men inte på bekostnad av miljön. Svår balans, jag tror det ligger något i det. Men kanske fokusera på andra områden först för att minska utsläpp och hälsofaror",experiment1.html,2025-04-24T09:07:59.190Z,,
P_2025_04_23_244Q30,2025-04-23 14:31:23.822,43,male,2025-04-23T14:31:23.821Z,2,3,0,2025-04-23T14:35:26.399Z,Hur många bönder skulle bli arbetslösa om en köttskatt skulle införas?,experiment2.html,2025-04-23T14:36:06.653Z,,
P_2025_04_23_MW6I6F,2025-04-23 15:44:14.917,21,female,2025-04-23T15:44:13.658Z,3,3,0,2025-04-23T15:47:09.671Z,"@deltagare25 ja exakt! Jag håller med om att lokala bönder och vår självförsörjning måste värnas om. En köttskatt är inte helt dum för att minska köttkonsumptionen, men bönder är ju viktiga, det är överkonsumptionen som är det vi fallerar med. ",experiment1.html,2025-04-23T15:47:53.412Z,,
P_2025_04_23_TIL0DP,2025-04-23 18:24:31.274,54,male,2025-04-23T18:24:29.967Z,3,3,1,2025-04-23T18:29:02.988Z,Jag tycker att det låter vettigt att införa punktskatt på kött!,experiment4.html,2025-04-23T18:29:28.905Z,Nej!,
P_2025_04_24_YUX62O,2025-04-24 08:15:18.327,,,,,,,,,,,,
P_2025_04_24_B6LKZH,2025-04-24 14:10:33.773,28,female,2025-04-24T14:10:32.623Z,3,0,0,2025-04-24T14:19:07.698Z,Sjukt att folk kan ha så starka åsikter om kött ,experiment3.html,2025-04-24T14:20:04.998Z,,
P_2025_04_24_EZQFL5,2025-04-24 13:10:05.75,28,female,2025-04-24T13:10:04.567Z,0,4,0,2025-04-24T13:12:25.281Z,Skatta kött från utlandet och främja försäljning av lokalproducerat! Bönderna kommer inte överleva om kött svenskt kött blir dyrare,experiment2.html,2025-04-24T13:12:38.028Z,,
P_2025_04_24_U5S77C,2025-04-24 19:03:49.33,27,female,2025-04-24T19:03:48.160Z,3,4,0,2025-04-24T19:09:49.681Z,"Viktiga är väl att skapa en helhet, skapa ett bättre klimat för både djur & för att kunna bibehålla att kunna konsumera kött i rimlig utsträckning. Det behövs inte detta överflöd.. kanske bara hos lokala gårdar och då betala för det arbete som krävs för att det ska både vara med humant & hållbart. ",experiment1.html,,,
P_2025_04_25_Q05368,2025-04-25 05:19:53.13,24,female,2025-04-25T05:19:51.834Z,2,2,0,2025-04-25T05:24:41.787Z,"Utöver det som står här, tror jag också att en genusanalys hade varit intressant för ytterligare underlag för eventuell punktskatt ",experiment1.html,,,
P_2025_04_27_3OERYK,2025-04-27 09:45:56.229,50,female,2025-04-27T09:45:54.955Z,2,4,0,2025-04-27T09:49:46.224Z,Jag tycker att vägen framåt istället borde vara att satsa på hållbart lantbruk och djurhållning.,experiment2.html,2025-04-27T09:50:10.822Z,,
P_2025_04_28_FB6Q4M,2025-04-28 17:38:46.391,42,female,2025-04-28T17:38:45.125Z,2,3,0,2025-04-28T17:42:18.704Z,Jag tycker att det vore rimligt med punktskatt på kött. Att äta mindre men bättre och ekologiskt kött gynnar både hälsan och planeten. ,experiment4.html,,,
P_2025_04_25_HEAPF4,2025-04-25 15:29:33.213,55,female,2025-04-25T15:31:07.659Z,0,3,2,2025-04-25T15:37:31.670Z,Förbättra djurskyddslagar och kontroller i hela EU. På så sätt blir kött dyrare och bönder kan ha ekonomiska marginaler för att kunna ge djuren bättre levnadsförhållande. Beskatta importerat kött hårt från länder med svaga lagar för djurskydd. Lagför brott på slakterier som plågar djur. Tillåt  övervakning av uppfödare och slakteri. ,experiment3.html,2025-04-25T15:38:29.299Z,Kunde inte backa. Fick börja om. ,Fokus på skatt och inte roten på problemet som är stordrift på bekostnad av djurens livskvalitet. 
P_2025_04_27_RFAIK6,2025-04-27 16:05:25.697,83,male,2025-04-27T16:05:24.508Z,0,3,1,2025-04-27T16:11:17.745Z,Jag håller inte med om att köttskatt vore bra. ,experiment1.html,2025-04-27T16:11:55.389Z,Nej,
P_2025_04_28_5OP01B,2025-04-28 17:49:00.448,56,female,2025-04-28T17:48:58.941Z,2,4,0,2025-04-28T17:52:12.518Z,",",experiment2.html,,,
P_2025_04_28_XDUGY3,2025-04-28 10:56:46.285,49,male,2025-05-04T20:25:19.209Z,1,3,0,2025-05-04T20:32:48.782Z,"Denna diskussion om kött har pågått så länge. Om vi inför en skatt på ex. närproducerat kött finns det en risk att det kommer komma in andra aktörer på marknader som inte hanterar djuren väl. 
Det finns så mycket annat som vi kan lägga fokus på i värld, och som är mycket allvarligare än det här.  ",experiment4.html,,,
P_2025_04_28_KUDH9N,2025-04-28 17:51:34.488,49,male,2025-04-28T17:51:34.487Z,4,0,4,2025-04-28T17:54:08.767Z,"Extremt låg diskussion, där påhoppen haglar. Konstaterar att många vuxna män inte klarar av att prata sakligt om en fråga som engagerar dem.",experiment1.html,,,
P_2025_04_28_LUHIRK,2025-04-28 17:52:52.184,35,female,2025-04-28T17:52:52.183Z,3,1,0,2025-04-28T17:56:30.187Z,Kommer det finnas någonting alls som inte har skatt till slut? ,experiment2.html,2025-04-28T17:56:59.024Z,,
P_2025_04_28_WKY962,2025-04-28 18:59:40.152,64,male,2025-04-28T18:59:38.906Z,0,3,1,2025-04-28T19:04:54.336Z,En viktig aspekt är att kött eller ultraprocessade köttvaror inte är samma sak. ,experiment1.html,2025-04-28T19:05:15.696Z,,
P_2025_04_28_SVLSX3,2025-04-28 17:56:21.212,30,female,2025-04-28T17:56:21.211Z,1,4,3,2025-04-28T17:58:02.742Z,"Jag tycker inte att beskattning är rätt sätt att få människor att avstå från saker, information till välgrundade beslut är.",experiment1.html,2025-04-28T17:58:29.788Z,,
P_2025_04_28_RYSIHO,2025-04-28 17:52:34.628,47,female,2025-04-28T17:52:34.627Z,2,3,1,2025-04-28T18:01:41.569Z,"Vet inte helt vad jag tycker. Men på något sätt skulle det vara bra att premiera de som sköter om sina djur på ett bra sätt. Folk kommer nog aldrig att helt sluta äta kött, men kanske kan börja äta bättre kvalitet.",experiment4.html,,,
P_2025_04_28_XMEC7J,2025-04-28 18:12:51.766,38,female,2025-04-28T18:12:50.497Z,2,2,0,2025-04-28T18:22:01.434Z,"Blir mörkrädd av kommunikationen i kommentarsfältet, varför gå på varandra för att någon har en viss åsikt om något som handlar om köttkonsumtion. Fokusera på innehållet och var ni står i den frågan istället…",experiment2.html,2025-04-28T18:22:55.778Z,,
P_2025_04_28_734MLO,2025-04-28 18:40:54.013,37,female,2025-04-28T18:40:52.719Z,2,4,0,2025-04-28T18:44:48.457Z,"Håller med om att man bör göra något, men osäker på om skatt är rätt väg att gå. Jag äter mkt viltkött och antar att det skulle exkluderas vid eventuell skatt?! ",experiment3.html,2025-04-28T18:48:07.379Z,Nej,"Noterade mest att man läser kommentarsfält och bara suckar. Även om det inte var ”riktiga” kommentarer så är det exakt sådär det funkar och ofta ser ut i kommentarsfält, oavsett en debattartikel eller ett inlägg i en lokal fb-grupp. Består mest bara personpåhopp, ifrågasättande och en ovilja att förstå och väldigt få relevanta diskussioner. Sorgligt! "
P_2025_04_28_BQPKVL,2025-04-28 19:10:21.744,,,,,,,,,,,,
P_2025_04_28_TOBPW7,2025-04-28 19:31:32.356,44,male,2025-04-28T19:31:30.775Z,1,3,0,2025-04-28T19:39:48.654Z,Intressant artikel för att skapa en debatt. Oavsett skatt på kött eller ej så behöver vi bli mer hållbara i all vår produktion av livsmedel. Det är viktigt för både vår hälsa och natur.,experiment1.html,2025-04-28T19:41:14.571Z,Nej,
P_2025_04_28_IRI2UO,2025-04-28 21:25:46.02,54,male,2025-04-28T21:25:44.561Z,2,3,1,2025-04-28T21:37:16.607Z,"Det här får mig att fundera på alla andra länder där folk inte får tillräckligt med kött och ändå har sämre hälsa som i västvärlden tros orsakas av köttätandet. 
Jag håller däremot om att det är så jobbigt att tänka på alla djur som missköts och lider pga oss människor, men lösningen tror jag inte är att ha skatt på kött. De som vill äta kommer ändå betala även om det blir dyrare!",experiment4.html,2025-04-28T21:38:57.562Z,Nej,Jag tycker att samtalsämnet är rätt så intressant och svårt att ta ställning för.
P_2025_04_28_G3G7IJ,2025-04-28 20:13:01.278,39,female,2025-04-28T20:14:44.381Z,3,3,0,2025-04-28T20:17:30.192Z,Här kommer ytterligare en onödig kommentar...,experiment2.html,,,
P_2025_04_29_WZK7QU,2025-04-29 03:51:59.684,49,female,2025-04-29T03:51:58.566Z,3,3,1,2025-04-29T03:58:35.737Z,"Håller absolut med om att köttkonsumtionen måste minska. Men att införa skatt riskerar att öka samhällsklyftorna. Människor med låg inkomst kommer inte längre ha råd med bra råvaror, kommer öka konsumtion av ultraprocessad skitmat och påverka folkhälsan! ",experiment3.html,2025-04-29T03:59:14.335Z,,
P_2025_04_28_KPLLXV,2025-04-28 20:23:08.908,34,female,2025-04-28T20:23:07.501Z,2,2,0,2025-04-28T20:39:08.732Z,"Jag blir mörkrädd av detta kommentarsfält. 
Jag ser inte att det är en konstig diskussion. Vi betalar skatt absolut. Man kan ju tro att människan ska sluta med något då saker blir dyrare men jag tror att vi inte fungerar så. 
Jag ser absolut att en skatt kan förändra beteendet. Jag tror att det däremot att det straffar det underklassen. jag tror att överklassen och medelklassen äter hälsosammare = mer varierad kost.
Överklassens köttvanor går ner och går mot kvalité förre kvantitet.
Underklassen äter i större utsträckning kött och kommer därför straffas om en sådan skatt införskaffas. Då det idag är billigare att äta kött än att äta vegetariskt.

Summa summarum jag ser positivt på att planeten hade mått bättre om vi drar ner på köttet och färre djur föds upp till att serveras.",experiment3.html,2025-04-28T20:40:21.184Z,,Hur provocerad jag blev av ”kommentarerna. 
P_2025_04_28_TZ2QBX,2025-04-28 20:54:38.383,47,female,2025-04-28T20:54:38.381Z,4,4,1,2025-04-28T20:57:51.730Z,"Jag tycker man ska testa en period och se vad det innebär eller att det påverkas på rätt sätt. Kanske också göra andra proteiner billigare då som är bättre för miljön, så det är tydligt vad alternativen är och att de faktiskt är bra. ",experiment2.html,,,
P_2025_04_28_P2EQM5,2025-04-28 21:31:38.056,38,male,2025-04-28T21:31:36.667Z,0,3,0,2025-04-28T21:35:07.543Z,"Många intressanta perspektiv på en allt annat än lättlöst fråga här i kommentarerna, kul att se",experiment3.html,,,
P_2025_04_29_Q99N0Z,2025-04-29 03:22:36.117,46,female,2025-04-29T03:22:35.004Z,3,3,1,2025-04-29T03:33:46.435Z,"Absolut skatt (tull) på importerat kött, men tycker däremot inte man ska beskatta kött från lokala svenska bönder, speciellt inte ekologiska. Kor som går på naturbete bidrar ju också till mångfald. ",experiment2.html,2025-04-29T03:33:58.058Z,,
P_2025_04_29_GZQ55I,2025-04-29 04:18:37.143,43,female,2025-04-29T04:18:35.847Z,0,3,0,2025-04-29T04:20:26.847Z,Det som oroar mig mest i artikeln är att man inte tar bort skatt på frukt och grönt utan bara straffbeskattar ett livsmedel som är bättre än så mkt annat som säljs. Feltänkt.,experiment1.html,,,
P_2025_04_29_SMKAMS,2025-04-29 04:39:07.676,53,male,2025-04-29T04:39:06.403Z,0,3,3,2025-04-29T04:40:55.333Z,Kött är en naturlig del av dieten för människor. Varför ska den beskattas separat? Sockerskatt vore ett bättre förslag.,experiment2.html,2025-04-29T04:41:12.174Z,,
P_2025_04_29_8WEGIQ,2025-04-29 06:39:13.343,42,female,2025-04-29T06:39:13.342Z,3,3,2,2025-04-29T06:50:20.656Z,"Jag är i dagsläget beredd att betala mer för att äta ekologiskt kött, då jag hoppas och tror att de djuren haft det bättre. Om köttskatten även skulle gå till att ställa större krav på tillverkarna är jag för. ",experiment2.html,2025-04-29T06:54:35.891Z,,"Jag vill bara tillägga att jag inte skulle ha givit mig in i en sådan här debatt. Jag uppskattar att folk ofta ryter ifrån kring tonen, men det ska vara att någon känns särskilt utsatt utan stöd för att jag ska ge mig in. Jag vet hur mycket troll det finns som kan skriva båda inläggen bara för att folk ska bli upprörda."
P_2025_04_29_OUBA5W,2025-04-29 04:50:38.348,48,male,2025-04-29T04:50:37.232Z,2,3,0,2025-04-29T04:53:11.588Z,Det som oroar mig mest i artikeln är hur arga alla är. Tagga ner och lyssna på varandra istället.,experiment1.html,2025-04-29T04:53:53.052Z,,
P_2025_04_29_3FBQGE,2025-04-29 05:05:01.709,52,female,2025-04-29T05:05:01.708Z,1,3,1,2025-04-29T05:09:44.383Z,Jag tycker frågan är stor och behöver belysas bredare. Konsekvenser av att beskatta. Ovan är den för ensidigt belyst och som jag upplever vinklad.,experiment2.html,,,
P_2025_04_29_PH34V4,2025-04-29 05:12:06.266,42,female,2025-04-29T05:12:06.265Z,2,3,0,2025-04-29T05:18:34.506Z,"Skulle säkert vara bra för att få fler att äta mer balanserat, eller hitta sätt för att locka fler till ”närodlat” kött från gårdarna i trakten.",experiment2.html,2025-04-29T05:38:07.015Z,Nej inget speciellt ,Inget speciellt 
P_2025_04_29_9EGTC0,2025-04-29 06:14:47.36,69,female,2025-04-29T06:14:46.226Z,2,3,2,2025-04-29T06:33:52.616Z,"Jag håller inte med om att vi bör införa köttskatt. Det är en källa till protein och nyttigt om det inte är processat.
Att lösa allt med nya skatter är inte nån lösning och alla bör både ha råd med och själv bestämma hur mycket kött de äter",experiment1.html,,,
P_2025_04_29_8HQ3MQ,2025-04-29 06:23:58.475,47,female,2025-04-29T06:23:57.124Z,1,2,1,2025-04-29T06:36:43.181Z,"Att införa en generell 40% skatt på kött riskerar att bli ett oproportionerligt ingrepp i människors valfrihet och kan upplevas som ett försök att tvinga fram vegansk kost, snarare än att främja ett mer hållbart konsumtionsmönster.

En mer träffsäker åtgärd vore att rikta eventuella skatter mot importerat kött med hög klimatpåverkan, vilket skulle kunna fungera som en katalysator för att styra konsumtionen mot mer hållbara och lokala alternativ.

De som vill äta kött ska ha möjlighet att göra det – precis som vi tillåter andra personliga val, exempelvis snusning. Själv äter jag mycket lite kött av hälsoskäl, och när jag gör det väljer jag ekologiskt kött från närliggande gårdar där djuren lever under goda förhållanden.

Istället för att straffbeskatta köttkonsumtion generellt vore det mer effektivt att:
	•	Skärpa djurhållningsregler för bättre djurvälfärd och hållbarhet.
	•	Skapa ekonomiska incitament för produktion och konsumtion av hållbart kött.
	•	Investera i forskning kring tarmflora och kostens påverkan på hälsa.
	•	Utbilda befolkningen om hur kostval påverkar både hälsa och miljö.

En sådan strategi främjar långsiktiga förändringar baserade på kunskap och incitament – inte tvång.",experiment2.html,,,
P_2025_04_29_ZDVMIX,2025-04-29 07:17:21.42,38,female,2025-04-29T07:17:20.151Z,3,0,0,2025-04-29T07:26:54.832Z,"@deltagare19, just det här om att all forskning tyder på att det är bäst att äta kött är intressant, och felaktigt. Det finns otroligt mycket forskning som visar på motsatsen, och rött kött är också orsak till flera sjukdomar, högt blodtryck, kolesterol osv. Jag förstår att du vill göra en poäng, men varför dra till med lögner? ",experiment4.html,2025-04-29T07:28:06.134Z,,
P_2025_04_29_P7OMAG,2025-04-29 07:18:27.896,47,male,2025-04-29T07:18:27.894Z,1,3,1,2025-04-29T07:29:34.698Z,"Jag tror inte på en skatt i konsumentledet som en första åtgärd. Alternativen måste finnas först så att köttätare, inkl mig själv, har ett vettigt alternativ att byta till. En larvburgare måste smaka och se lika aptitlig ut som en vanlig hamburgare. Och i det läget bör man också fundera etiskt ett varv till, är en insekts liv mindre värt än en kos. Varför är det ena livet mer värt än det andra? ",experiment1.html,2025-04-29T07:29:58.986Z,,
P_2025_04_29_0ACNVJ,2025-04-29 08:47:58.916,41,female,2025-04-29T08:47:57.555Z,2,3,0,2025-04-29T08:50:52.785Z,@deltagare31 jag kan hålla med,experiment2.html,,,
P_2025_04_29_IKGISX,2025-04-29 07:39:25.552,54,female,2025-04-29T07:39:24.276Z,3,4,0,2025-04-29T07:47:16.464Z,Jag tycker inte det är bra med en extra köttskatt. Visserligen bör vi äta mindre kött generellt men jag tycker det vore bra att främja inhemskt kött och bättre djurhållning. Kött är en viktig proteinkälla liksom mejerivaror och ägg. Att göra det dyrare för t ex barnfamiljer är ingen god idé,experiment2.html,2025-04-29T07:48:01.996Z,,
P_2025_04_29_U0I659,2025-04-29 07:56:17.314,53,male,2025-04-29T07:56:16.145Z,2,3,2,2025-04-29T07:58:18.900Z,Många av deltagarna har ett ovårdat språk. ,experiment3.html,2025-04-29T07:58:32.641Z,,
P_2025_04_29_EQLZV1,2025-04-29 07:59:45.783,60,female,2025-04-29T07:59:45.781Z,0,2,0,2025-04-29T08:01:59.256Z,I vår tid ska vi kunna äta den mat vi själva vill ha och önskar. Själv får jag magproblem av vissa grönsaker. Fisk äter jag sällan pga rädsla och illamående för ben i fisk. ,experiment3.html,2025-04-29T08:02:09.007Z,,
P_2025_04_29_R1JQNY,2025-04-29 16:11:09.782,53,female,2025-04-29T16:11:08.410Z,2,3,0,2025-04-29T16:15:10.512Z,Är det rätt väg att gå? Vi behöver produktion i Sverige både på kött och vegetabilier. Risken finns att skatt straffar det fina arbete som Sveriges bönder bidrar med!,experiment2.html,2025-04-29T16:16:48.965Z,Nej,Jag som normalt inte lämnar kommentarer fick reflektera och ta ställning. Vad tycker jag egentligen? Det finns ju alltid för- och nackdelar…
P_2025_04_29_CJBL2K,2025-04-29 08:00:04.002,25,female,2025-04-29T08:00:04.001Z,0,4,0,2025-04-29T08:13:17.150Z,"Det jag håller med artikeln om är att det finns stora etiska problem med köttindustrin som den ser ut idag. Min uppfattning är att det även än problematiskt för människors hälsa att är kött av dålig kvalite. Ex om man äter en höna som ätit mat av dålig kvalite, götts så den blir gravt överviktig och proppats full av mediciner i förebyggande syfte. Äter man den kvaliten av kött så verkar det som att det kan leda till problem som recistenta bakterier, att köttet inte alls blir lika näringsrikt, samt att det kan bidra till problem som ex östrogendominans. Äter man en höna som gått runt i solen och pickat fram maskar och ätit sånt som hönor ska äta, då tror jag det är hälsosamt att äta kött. Min uppfattning är att kött är en viktig källa av essentiell näring och att många får hällsoproblem som hormonella rubbningar, näringsbrister, m.m. av att inte äta kött. Jag känner att det är bättre för min hälsa att äta kött och tror det även gäller många andra. För de som känner att de kan äta veganskt eller vegetariskt och fortfarande må bra och vara hälsosamma så tycker jag det är ett mer etiskt val. ",experiment1.html,2025-04-29T08:14:40.512Z,Nooope,Trodde först att artikeln var fejk men försökte leva mig in i att den inte var det
P_2025_04_29_P8K7XR,2025-04-29 08:52:24.474,39,male,2025-04-29T08:52:24.472Z,3,3,0,2025-04-29T08:54:39.750Z,"Vår uppfödning och hantering av djuren är helt bisarr, det borde vara mycket dyrare att föda upp djuren och därmed dyrare att äta kött!",experiment2.html,2025-04-29T08:55:11.551Z,Nej,
P_2025_04_29_GFUQMM,2025-04-29 09:33:29.852,63,male,2025-04-29T09:33:28.725Z,0,3,2,2025-04-29T09:36:38.809Z,Jag håller med om att det är upp till varje person att välja det som man tycker om.,experiment4.html,,,
P_2025_04_29_FFKRUH,2025-04-29 09:43:08.086,23,male,2025-04-29T09:43:08.076Z,0,4,0,2025-04-29T09:43:48.076Z,En viktig aspekt är ,experiment4.html,,,
P_2025_04_29_I63KH3,2025-04-29 09:48:34.391,62,male,2025-04-29T09:48:34.390Z,2,3,1,2025-04-29T10:02:42.659Z,Ser detta som ett experiment och artikeln är inte uppbyggd med verifierad fakta. Många påståenden som inte är evidensbaserade. Mest skapade för att röra upp känslor och skapa diskussion. Brukar inte kommentera flamebait och tänker inte göra det nu heller. Hoppas kommentarer skapar bra resultat för examensarbetet.,experiment3.html,2025-04-29T10:06:00.759Z,,Noterade bara att kommentarerna inte var så konstruktiva. Har inte själv så stor lust att delta i ofruktsamma diskussioner på nätet som inte leder till något.
P_2025_04_29_CK0MYW,2025-04-29 18:32:45.869,53,male,2025-04-29T18:32:44.585Z,0,3,1,2025-04-29T18:33:19.474Z,Hej,experiment2.html,,,
P_2025_04_29_GXXRYS,2025-04-29 09:38:49.689,53,male,2025-04-29T09:38:49.687Z,0,3,1,2025-04-29T09:58:51.606Z,"Vi behöver äta en balanserad kost för att må bra. Självklart finns studier som visar att kött eller rött kött  inte är hälsosamt. Samtidigt finns studier som visar att det är nästintill neutralt för hälsan eller till och med positivt. Detta är giltigt för all forskning oavsett område. Många växter som används i livsmedel innehåller ohälsosamma gifter, både naturligt från växten och från odling. Att beskatta livsmedel med punktskatter kommer såklart att påverka efterfrågan. Personligen vill jag inte se en utveckling med fler pekpinnar och pålagor som begränsar frihet och gör vanligt folk fattigare. Låt var och en göra sina egna informerade och kloka val. ",experiment4.html,2025-04-29T10:01:29.538Z,Nej,"För mig var artikeltexten triggande och kommentarerna ännu mer triggande. I de få fall jag svarar på inlägg eller kommenterar så brukar jag hålla en god ton. Men tror att uppmaningen att ""andas i 10 sekunder"" hjälper några. De hopplösa fallen kan inte hjälpas, där har kapsylen åkt av och kan inte sättas tillbaks."
P_2025_04_29_TQRSGF,2025-04-29 10:29:38.631,40,female,2025-04-29T10:29:37.462Z,4,3,0,2025-04-29T10:34:34.402Z,Jättebra att höja skatt på kött så att man också kan sänka momsen på grönt ,experiment2.html,,,
P_2025_04_29_SNUZMT,2025-04-29 13:15:49.056,53,male,2025-04-29T13:15:47.916Z,0,3,0,2025-04-29T13:17:56.127Z,Har en aversion i allmänhet mot att använda skatt som incitament. Gillar det inte. MEN: om det nu skulle ha alla dessa (potentiella) positiva effekter OCH att den skatt som man drar in verkligen kan dirigeras i rätt riktning (hur man nu skulle lyckas med det?) så skulle jag kunna tänka mig att rösta ja,experiment2.html,2025-04-29T13:20:45.332Z,Nope,"Ja, att det är så många som kan bli sååå upprörda kring en så enkel sak som kött(skatt). Anar därför att just dessa typ av individer är relativt ""lättkränkta"" och hörs (relativt sett) mycket mer än andra. "
P_2025_04_29_N7DA42,2025-04-29 10:53:20.598,49,female,2025-04-29T10:53:19.283Z,3,4,0,2025-04-29T11:16:29.243Z,"Meat consumption must not be considered as unhealthy act, therefore meat should not be taxed. I practiced Vegetarianism and Veganism in total 10 years but had a negative impact on me both mentally and physically. These decision must not be induced by no means of taxing. Meat is already really expensive here in Sweden and 20% more tax can make huge burden on the households. Only rich can eat meat doesn't make sense as meat is actually the most important and easiest protein source. @deltagare 27, I actually doubt whether the tax will truly benefit Swedish farmers in the long run. It’s unclear whether the revenue from tax break will support them, or if it will instead lead to a drop in overall sales or increased reliance on cheaper imported meat, which could end up harming local farmers.... ",experiment4.html,2025-04-29T11:18:22.826Z,no,I really liked the design to explore how the text reading part  may impact our opinion. 
P_2025_04_29_2TMPQ1,2025-04-29 12:14:04.426,46,female,2025-04-29T12:14:03.125Z,2,2,1,2025-04-29T12:19:09.136Z,Jag tycker inte att vi ska ha en köttskatt. Konsumenter borde dock vara noggranna med att välja svenskt kött för att gynna vårat civilförsvar och egna livsmedelsproduktion vilket är extra viktigt i dessa orolig tider,experiment1.html,2025-04-29T12:19:22.285Z,,
P_2025_04_29_JZ9AVY,2025-04-29 13:40:10.683,59,female,2025-04-29T13:40:09.421Z,0,3,0,2025-04-29T13:47:14.823Z,"Visst kan vi minska vår konsumtion av kött, men det är bra mat för oss. Dessutom har vi svårt att vara självförsörjande på vegansk mat. Tofu och soja funkar inte helt.
Lagom är bäst",experiment2.html,2025-04-29T13:48:12.123Z,Nej,
P_2025_04_29_KYON8Y,2025-04-29 15:21:50.648,,,,,,,,,,,,
P_2025_04_29_3MSQ7G,2025-04-29 18:15:34.057,54,female,2025-04-29T18:15:32.878Z,2,3,0,2025-04-29T18:17:11.514Z, Oj,experiment3.html,,,
P_2025_04_30_2ESXK9,2025-04-30 06:30:26.88,55,female,2025-04-30T06:30:26.863Z,0,3,2,2025-04-30T06:43:45.605Z,Artikeln är skriven så att man bara vill säga emot tycker jag. Speciellt när det kommer till djurens lidande då det är många lösa påståenden (tyckanden och ej forskningsbaserade åsikter). Men det är ju inte första gången man läser att vi behöver minska köttkonsumtionen. Men en kultur (där kött är basen i maten) är svår att ändra och det krävs både tid och mycket information/utbildning/goda exempel mm. ,experiment2.html,2025-04-30T06:44:34.215Z,,
P_2025_04_29_NHFYBR,2025-04-29 18:46:27.949,52,female,2025-04-29T18:46:26.805Z,1,4,4,2025-04-29T18:50:08.065Z,"Jag tror inte att vi är redo för att införa detta just nu som läget ser runt om i världen med krig,ökad polarisering och handelstullar mm.",experiment3.html,2025-04-29T18:50:32.005Z,Allt gick väldigt smidigt ,
P_2025_04_29_DWC91I,2025-04-29 20:53:43.399,47,female,2025-04-29T20:53:42.223Z,2,2,0,2025-04-29T21:01:59.896Z,Det är alltid en god idé att hjälpa folk att välja ett bättre alternativ. ,experiment1.html,2025-04-29T21:02:26.060Z,,
P_2025_04_29_NNNFUH,2025-04-29 19:10:48.848,52,female,2025-04-29T19:10:47.679Z,2,3,1,2025-04-29T19:15:47.059Z,Varför måste allt vara så svart eller vitt hela tiden? Vart tog den gamla hederliga medelvägen vägen i kommentarsfälten? ,experiment4.html,2025-04-29T19:16:21.097Z,,
P_2025_04_29_BWO8M0,2025-04-29 19:33:50.09,40,female,2025-04-29T19:33:48.845Z,1,3,0,2025-04-29T19:38:17.698Z,Jag har för lite fakta i ämnet för att kommentera ,experiment3.html,,,
P_2025_04_29_AO4TUE,2025-04-29 19:53:11.43,22,female,2025-04-29T19:53:10.282Z,2,4,0,2025-04-29T20:05:18.110Z,Jag tycker att det vore bra om köttkonsumtion minskade framför allt för miljöns skull. Men det är även många djur som lider så hårdare krav behövs. En köttskatt skulle kunna vara ett sätt att påverka detta,experiment3.html,2025-04-29T20:05:27.374Z,,
P_2025_04_30_0MCWJD,2025-04-30 05:50:55.439,59,female,2025-04-30T05:50:54.126Z,0,3,0,2025-04-30T05:52:27.272Z,Idiotiskt med köttskatt,experiment1.html,2025-04-30T05:53:05.697Z,,
P_2025_04_29_0MI1R5,2025-04-29 20:22:55.973,77,female,2025-04-29T20:22:54.826Z,0,2,3,2025-04-29T20:33:17.983Z,"Jag tror på en allsidig kost, inklusive kött. Då menar jag inte att det skall köpas i billighetsaffärer. Vi handlar vårt kött redan idag till "" skattade priser"",- hos Eko-bonden, äter ofta renkött. Att beskatta skulle endast leda till att människor med skrala kassor skulle äta mycket sämre. Kor och får behövs för öppna landskap, deras kött är en viktig näringskälla! Skatt på allt som är onyttig?  Tobak, socker, egalt, den som jublar mest är regeringen. Vuxna människor skall kunna bestämma själva",experiment4.html,2025-04-29T20:47:16.481Z,,"Ämnet är, tycker jag, mycket brännbart. Det pågår (för) ofta mycket hetsiga diskussioner runt matborden. Jag har upplevt att folk har militant försökt uppfostra andra att äta vegansk mat.- I vår familj har vi minskad konsumtionen betydligt. Vi har vänner och familj som väljer bort kött helt utan att det leder till dålig stämning, det är ok. SKATT är inte ok. Skatt på tobak, skatt på allt,- rökförbud och köttförbud och så många förbud som fyller skattkistan och tillfredställer de rättrogna att slå sig för bröstet,- usch...."
P_2025_04_30_P8GQ6O,2025-04-30 03:42:34.318,52,female,2025-04-30T03:42:33.153Z,2,3,2,2025-04-30T03:43:34.433Z,Svårt- jag tror på mer lagom. Äta bra kött närodlat.,experiment2.html,2025-04-30T03:43:40.448Z,,
P_2025_04_30_B1FLXG,2025-04-30 05:11:39.745,56,female,2025-04-30T05:11:38.562Z,1,0,0,2025-04-30T05:15:20.776Z,Jag tycker att vi borde jobba för att djuren ska hanteras bättre än vad de gör idag. Snarare än en skatt på kött. ,experiment1.html,2025-04-30T05:16:06.525Z,,
P_2025_04_30_CZKHZI,2025-04-30 06:26:24.175,23,female,2025-04-30T06:26:23.037Z,2,3,0,2025-04-30T06:28:07.381Z,Det här får mig att fundera på köttskatt,experiment4.html,,,
P_2025_04_30_D7OD3I,2025-04-30 10:04:16.563,26,male,2025-04-30T10:04:15.366Z,1,3,0,2025-04-30T10:08:51.567Z,"@deltagare23 Jag håller med. Det talas inte tillräckligt om hur beskattning främst får negativa konsekvenser för de fattiga, medan de rika knappt berörs.",experiment4.html,,,
P_2025_04_30_KSZG4Y,2025-04-30 10:16:27.802,41,female,2025-04-30T10:16:26.420Z,2,4,0,2025-04-30T10:26:45.482Z,Vissa kommentarer gör mig mörkrädd 🙈,experiment4.html,2025-04-30T10:27:10.962Z,,
P_2025_05_01_JYHA8Q,2025-05-01 18:24:35.247,47,female,2025-05-01T18:24:33.951Z,3,3,0,2025-05-01T18:28:09.616Z,"Intressant, jag kan tänka mig att minska ner på mitt köttätande och en högre skatt skulle kanske bidra till att jag köper kött mer sällan. Men är det verkligen så att några kronor mer får fler att skippa köttet? ",experiment3.html,2025-05-01T18:30:07.433Z,Nej,"Jag blev irriterad som ofta när man läser inlägg på hur osakliga och icke faktaorienterade folk är, alla går på känsla och tycker därför de har rätt. De tycker alla andra är idioter för att de inte TYCKER som de. Vad hände med faktabaserade diskussioner? "
P_2025_04_30_I0P9TO,2025-04-30 12:28:16.495,52,female,2025-04-30T12:28:15.166Z,0,4,0,2025-04-30T12:32:55.425Z,Jag ser hellre att man arbetar för bättre djurhållning och informationskampanjer för vegetariska /veganska alternativ. ,experiment3.html,2025-04-30T12:34:35.304Z,Nej inte alls. ,"Den råa tonen i en del av kommentarerna. Inte förvånande kanske, men tråkigt. "
P_2025_05_01_B5NG2S,2025-05-01 13:25:31.201,49,female,2025-05-01T13:25:29.892Z,4,2,3,2025-05-01T13:31:31.941Z,"Flera av kommentarerna är reaktioner på att artikeln är så ensidigt formulerad. Det är bra för debatten att även andra åsikter och fakta/forskning bemöts. Jag holler helt med om slutsatsen att en skatt på kött skulle vara bra för både klimat, djur och befolkningens hälsa. Men för att ge fler möjlighet att ta till sig av artikelns budskap så tror jag att  argumentationen behöver vara mer nyanserad. ",experiment3.html,2025-05-01T13:31:53.202Z,,
P_2025_04_30_1186LG,2025-04-30 12:48:54.572,40,female,2025-04-30T12:48:53.393Z,3,3,0,2025-04-30T12:51:18.012Z,Köttskatt👍🏻,experiment2.html,2025-04-30T12:51:57.805Z,,
P_2025_04_30_83AP04,2025-04-30 15:31:17.234,42,female,2025-04-30T15:31:16.015Z,2,4,0,2025-04-30T15:34:27.473Z,"Det kan vara en klok åtgärd för att minska klimatpåverkan och det bör definitivt sättas i relation till andra åtgärder, såsom återinförd reduktionsplikt. Gör det som ger mest och bäst effekt!",experiment3.html,,,
P_2025_04_30_6K8EHP,2025-04-30 18:36:13.546,55,female,2025-04-30T18:36:12.337Z,0,3,0,2025-04-30T18:37:36.087Z,Vi kan äta mindre kött utan köttskatt ,experiment2.html,2025-04-30T18:38:27.892Z,,
P_2025_04_30_F3C3WA,2025-04-30 18:46:23.247,52,female,2025-04-30T18:46:21.886Z,3,3,0,2025-04-30T18:50:43.679Z,Helt ok med mer skatt men egentligen kanske jag skulle uppskatta 0 skatt/moms på nyttiga varor istället. Gör det billigare att äta rätt.,experiment3.html,,,
P_2025_05_01_DW79ZM,2025-05-01 17:04:39.203,51,female,2025-05-01T17:04:37.948Z,2,3,0,2025-05-01T17:06:05.319Z,Jag tycker att nötkött mkt väl kan vara dyrare än andra protein som har mindre miljöpåverkan. ,experiment3.html,2025-05-01T17:06:16.358Z,,
P_2025_05_01_LHFTCL,2025-05-01 11:34:34.302,52,female,2025-05-01T11:34:33.039Z,2,3,0,2025-05-01T11:42:39.805Z,Finas stor risk att Köttskatt skulle tvinga producenterna att sänka kvaliteten för att sänka kostnaderna vilket skulle ge motsatt effekt,experiment4.html,2025-05-01T11:43:25.053Z,,
P_2025_05_01_M9CQO6,2025-05-01 13:42:35.546,46,male,2025-05-01T13:42:34.215Z,2,3,0,2025-05-01T13:48:29.640Z,"Skatter är ett bra sätt att trycka ner konsumtionen av något, likt bensin och alkohol. Bäst vore att kunna beskatta kött från  gårdsuppfödda  djur med lägre miljöpåverkan mindre. ",experiment3.html,2025-05-01T13:49:37.907Z,Nej,Inget särskilt 
P_2025_05_01_DC73JF,2025-05-01 20:06:42.839,36,female,2025-05-01T20:06:41.764Z,2,4,0,2025-05-01T20:09:20.570Z,Om köttskatt medför att flera börjar äta mer varierat är det bra för de och för miljön. ,experiment2.html,,,
P_2025_05_01_G1EXGF,2025-05-01 20:12:01.602,42,female,2025-05-01T20:12:01.587Z,2,4,0,2025-05-01T20:27:59.108Z,"Visst kan en prisökning leda till en minskad efterfrågan, men jag tror den är tillfällig. Den slår hårt mot de som har svag ekonomi och kan snarare skapa status hos de som inte har problem med prisökningen. ",experiment4.html,2025-05-01T20:28:40.190Z,,
P_2025_05_02_79B2ZL,2025-05-02 07:27:59.568,21,female,2025-05-02T07:27:58.386Z,2,2,0,2025-05-02T07:34:51.967Z,"Detta är ett viktigt ämne att ta upp! Jag tror det hade bidragit med många positiva konsekvenser. Jag tror däremot också att det finns en del gömda negativa konsekvenser, så som att många redan har problem att ha råd att köpa sin mat i mataffären. Vegetariskt är bra, men kan också tyvärr vara dyrt. ",experiment4.html,,,
P_2025_05_02_47EVNP,2025-05-02 12:17:20.482,56,female,2025-05-02T12:17:19.394Z,2,0,0,2025-05-02T12:25:40.183Z,"Frågan är om det är till nytta för en konstruktiv debatt att blanda/kombinera hälsa, klimat och djurvälfärd. Människors hälsa såväl som djurvälfärd är etisk-moraliska frågor som kan behöva analyeras på annat sätt än klimatfrågan. Den deltagare som lyfte fram ett samhälles självförsörjningsgrad lyfter också en viktig aspekt.",experiment3.html,,,
P_2025_05_02_RXFTAI,2025-05-02 13:57:00.193,42,male,2025-05-02T13:57:00.192Z,2,4,0,2025-05-02T13:59:35.125Z,@deltagare38 chilla,experiment1.html,,,
P_2025_05_02_98A2XR,2025-05-02 12:51:58.779,26,male,2025-05-02T12:51:57.689Z,1,3,0,2025-05-02T13:05:48.461Z,"Jag är av åsikten att skatter sällan (nästan aldrig) är lösningen på våra samhälleliga problem. 
Gällande hälsoaspekten så anser jag att det är upp till var och en att välja vad man äter. Frihet under ansvar, helt enkelt. Varför ska staten valla oss medborgare som en flock med får i fråga om matkonsumtion? 

Gällande djurplågeri-aspekten så anser jag att ett införande av skatt på kött knappast skulle minska djurplågeriet, utan snarare bara drabba konsumenter genom högre priser. Bara för att kött säljs mindre så löser man inte problemet med djurplågeri. Det måste finnas andra sätt att bekämpa det problemet på. ",experiment2.html,2025-05-02T13:06:13.176Z,,
P_2025_05_02_CUIO43,2025-05-02 14:18:38.314,33,female,2025-05-02T14:18:37.164Z,1,4,0,2025-05-02T14:19:43.866Z,Med tanke på dagens ekonomi känns det som att man straffar låginkomsttagare genom att höja skatten ,experiment2.html,2025-05-02T14:19:50.715Z,,
P_2025_05_02_0L6L3I,2025-05-02 13:49:59.294,45,female,2025-05-02T13:49:58.100Z,2,3,0,2025-05-02T13:58:02.213Z,det finns en stor risk att köttkonsumtion blir en klassfråga. Man borde lägga mer fokus på hanteringen av kreatur och bättre alternativ till kött.,experiment3.html,2025-05-02T13:58:13.059Z,,
P_2025_05_02_E3I3TU,2025-05-02 13:52:37.852,35,male,2025-05-02T13:54:02.877Z,4,3,0,2025-05-02T14:01:30.066Z,"Djuren är inte problemet, det är hur månniskan hanterar dom. Jag äter kött, men köper lokala bönder och lokalt slaktat, från djur som jag vet har det bra. Utan kor så försvinner en otroligt viktig beståndsdel för den bilologiska mångfalden. Jag skulle tycka att initiativ för att främja fler, mindre gårdar, där korna kan hanteras med mer kärlek skulle hjälpa djurhälsan, minska utsläppen, öka biologisk mångfald (och därigenom naturensförmåga att hantera metangaserna) och öka självförsörjningsgraden. Detta är bättre än att yttreligare ställa till det för en redan sargad branch (lantbruk), dessutom behövs djuren för att hjälpa till med gödsel så vi kan odla de grönsaker vi ser som ersättningen. ",experiment3.html,2025-05-02T14:04:33.475Z,"Jag uppdaterade sidan en gång, så vet inte om jag råkade skicka första sidan 2 gånger eller hur det fungerar rent tekniskt.","Jag känner att jag ofta vill skriva ungefär det jag skrev nu, men pga kommentarerna som jag läste så drog jag mig från att göra det. Jag försökte uppdatera sidan (hoppas inte det ställde till det), för att jag ville helst bara gå vidare utan att kommentera då jag inte orkar hantera sånna här frågor i skrift eller riskera att få en hatstorm emot mig."
P_2025_05_02_F3GDE9,2025-05-02 14:24:54.794,29,male,2025-05-02T14:24:54.792Z,3,4,1,2025-05-02T14:35:24.452Z,"Så länge vi säkerställer att skatten inte oproportionerligt drabbar låginkomsthushåll (dvs säkerställer att alternativa livsmedel som näringsmässigt ersätter kött inte är dyrare), så är det väl toppen med detta förslag?? ",experiment2.html,2025-05-02T14:36:00.726Z,,
P_2025_05_02_0RK1MZ,2025-05-02 14:24:18.224,39,female,2025-05-02T14:24:18.223Z,2,4,1,2025-05-02T14:30:11.319Z,Jag har redan tagit en politisk ställning genom att göra ett val av ett politisk parti som står mig och mina principer närmast rent värderingsmässigt. Jag har inget annat val än att ha tilltro till att det parti jag röstar på gör rätt val när det kommer till att fördela moms och skatt på rätt sätt. Det finns också motiverade argument till att det är nyttigare ur en hälsoaspekt och hållbart äta mindre mängder kött. ,experiment2.html,2025-05-02T14:31:56.603Z,Nej ,"Det var ett intressant sätt att göra ett experiment på som gjorde att testpersonen istället för att redogöra åsikter fick uppleva testet i ett socialt och faktiskt experiment, som både kändes underhållande, lärorikt och ett sanningsenligt sätt att göra test på."
P_2025_05_02_ANTYAI,2025-05-02 14:30:50.96,29,female,2025-05-02T14:30:50.959Z,0,3,0,2025-05-02T14:38:05.111Z,Känns helt orimligt att införa köttskatt. ,experiment4.html,2025-05-02T14:38:56.831Z,Nej. ,
P_2025_05_03_KIGZFC,2025-05-03 07:44:19.675,49,female,2025-05-03T07:44:18.559Z,4,2,0,2025-05-03T07:51:42.762Z,Jag tror att det är viktigare att prata om varför det är farligt att äta kött och vilka risker det det kan föra med sig att äta vegansk mat.,experiment4.html,,,
P_2025_05_02_CJG9GX,2025-05-02 21:15:31.438,40,male,2025-05-02T21:15:30.170Z,2,3,0,2025-05-02T21:26:59.078Z,"Istället för skatt så borde vi ha mycket hårdare djurskyddsregler. Samt tullar/förbud på import av kött. Det är dock förmodligen inte möjligt med nuvarande EU-regler. Skulle driva upp priserna och folk skulle äta mindre, och det som finns kvar skulle vara mer etiskt framtaget. Samtidigt måste man beakta att det finns en fördelningseffekt i detta också. Det blir ju delvis så att det som är rika inte drabbas lika hårt av sådana förändringar, detta måste kompenseras på något sätt vi annan omfördelningspolitik.",experiment4.html,2025-05-02T21:27:43.095Z,,
P_2025_05_03_RLH1H3,2025-05-03 07:01:38.179,58,female,2025-05-03T07:01:36.936Z,0,3,4,2025-05-03T07:11:12.297Z,@deltagare25 håller med. Och  kanske en skatt på det som importeras.,experiment1.html,2025-05-03T07:14:14.866Z,Nej,Att vi blir så aggressiva och säger saker jag inte tror vi gör face to face när vi tycker något är dåligt. Bättreom vi skulle diskuttera fram saker.
P_2025_05_03_KQ3AFG,2025-05-03 07:25:29.846,46,female,2025-05-03T07:25:28.591Z,2,4,0,2025-05-03T07:33:31.602Z,"Skatt på kött kanske funkar men bara för de som inte har så mycket pengar. De rika kommer alltid att köpa kött. Vi får inte glömma att vi behöver värna om Sveriges bondgårdar, jag behöver inte äta kött varje dag men vill inte heller äta veggofärs, tofu och annat processad mat heller. Det här är svårt. Jag kämpar hellre för att hjälpa bondgårdar att göra rätt.",experiment3.html,2025-05-03T07:33:59.017Z,,
P_2025_05_03_4CF9QW,2025-05-03 08:46:09.875,56,female,2025-05-03T08:46:08.773Z,1,3,1,2025-05-03T08:49:21.613Z,Test ,experiment1.html,2025-05-03T08:49:50.410Z,,
P_2025_05_04_A8WLKN,2025-05-04 09:30:54.433,53,female,2025-05-04T09:30:54.431Z,0,3,0,2025-05-04T09:38:58.069Z,"Jag tror inte på köttskatt i längden, sen kommer kycklingköttskatt för att den ska minskas på med tex. 
Ska nog mkt till om det ska införas skatt på kött.",experiment4.html,2025-05-04T09:39:56.854Z,Nej,"Intressant att läsa. 
Lycka till!"
P_2025_05_04_5CBV9T,2025-05-04 10:49:32.914,46,female,2025-05-04T10:49:31.878Z,0,3,1,2025-05-04T10:51:01.199Z,"Idiotiskt med köttskatt, finns ju bra köttval och finns bättre åtgärder",experiment2.html,2025-05-04T10:51:33.115Z,,
P_2025_05_03_AONHRV,2025-05-03 09:54:49.203,21,male,2025-05-03T09:54:47.976Z,1,4,2,2025-05-03T10:07:14.693Z,"Att nämna cigaretter, alkohol och bensin, och därefter påstå att kött och mejeriprodukter skulle ha ”slinkigt undan” likvärdig beskattning blir lite ihåligt enligt mig. Absolut, slakt på storskalig nivå där djur behandlas illa behöver förändras. Däremot tycker inte jag att en hög skatt på 40% skulle leda till en förståelse för själva problemet, utan istället frustration och ilska. Läser man många av kommentarerna i denna studie förstår man snabbt att många ser det som en inskränkning på deras identitet som ”köttätare”. Larvigt kan jag tycka, men en skatt som tvingar de som inte har råd att äta det de egentligen inte vill ha är inte lösningen i min mening. ",experiment3.html,2025-05-03T10:10:08.339Z,,"Jag tror att många deltagare som inte delar era åsikter, blir ilskna av sättet ni utrycker problematiken. Många starka, känsloladdade ord som jag tror kan leda till att en osäker individ endast blir defensiv och tycker att ni som gjort studien är elaka och tycker att andra är hemska som äter kött. Kanske är det poängen? Hur hade resultatet sett ut om inledningen var något mer neutral i sin ton?"
P_2025_05_03_C43F4D,2025-05-03 11:25:58.018,42,female,2025-05-03T11:25:56.886Z,1,4,0,2025-05-03T11:28:53.405Z,Hett ämne och ganska så vriden artikel som inte belyser vikten av att äta protein. ,experiment2.html,,,
P_2025_05_04_0F7LF6,2025-05-04 09:26:36.726,55,male,2025-05-04T09:26:36.725Z,2,4,0,2025-05-04T09:34:43.510Z,Utmaningen är hur man får allmänheten att byta till vegetariska proteiner. Risken är att man istället ersätter med annat och därmed får i sig för lite proteiner. ,experiment3.html,,,
P_2025_05_04_RO4A9M,2025-05-04 10:00:05.824,40,female,2025-05-04T10:00:04.707Z,3,1,0,2025-05-04T10:08:19.933Z,"Jag håller med deltagare25 om att beskatta importerat kött och stötta lokala bönder. Jag tror även högre skatter för fastfood kedjor skulle även ändra attityden kring onyttig processad mat. Hushållen behöver definitivt minska ner sina köttkonsumtion

",experiment3.html,,,
P_2025_05_04_IR33EQ,2025-05-04 06:35:25.281,56,female,2025-05-04T06:35:24.193Z,2,3,0,2025-05-04T06:50:06.450Z,"Jag tycker man ska ställa högre krav på de som producerar. Säkerställa att de djuren vi äter har mått gott, produktion blir då dyrare och efterfrågan kanske minskar på så vis. ",experiment2.html,,,
P_2025_05_04_0CJYNF,2025-05-04 10:15:01.028,48,male,2025-05-04T10:14:59.877Z,2,2,0,2025-05-04T10:17:45.537Z,Tycker det låter rimligt med en skatt på kött. Kött är gott med för billigt.,experiment3.html,,,
P_2025_05_03_1K41AS,2025-05-03 19:50:20.668,28,male,2025-05-04T09:24:38.535Z,0,4,0,2025-05-04T09:26:03.464Z,Köttindustrin är hemsk men alternativen är inte lika bra proteinmässigt och näringsmässigt. Fel att skatt ska införas innan vi har andra bättre alternativ för då har bara de med pengar råd,experiment2.html,2025-05-04T09:26:07.133Z,,
P_2025_05_04_WEECUO,2025-05-04 10:23:47.555,50,male,2025-05-04T10:23:46.514Z,3,3,0,2025-05-04T10:26:57.849Z,Rimligt att beskatta för att styra konsumtion o beteende i rätt riktning för att i detta fall gynna klimatfrågan!,experiment4.html,2025-05-04T10:27:38.820Z,Nej,Viktig fråga!
P_2025_05_04_6OOHWY,2025-05-04 10:26:40.939,33,male,2025-05-04T10:26:40.937Z,0,4,0,2025-05-04T10:33:06.806Z,Det här får mig att fundera på alla förmögna människor med privat flygplan samt hur 100 bolag i världen står för mer än 70% av världens utsläpp. Varför börjar man inte där? Varför ska svensson skattas ihjäl i Sverige? ,experiment4.html,2025-05-04T10:35:05.762Z,Nej. ,Man ser hur nära människor har sina känslor när det gäller diskussioner på nätet. Hur farligt det är att människor tror de är anonyma på nätet.
P_2025_05_04_2ZEBGH,2025-05-04 10:24:39.419,30,female,2025-05-04T10:24:39.418Z,0,3,0,2025-05-04T10:26:54.511Z,"Jag håller inte med om att det kommer nödvändigtsvis minska konsumtionen. De som är vana att äta kött kommer göra det, precis som med fossila fordon. Vi reser inte mindre med bilen trots att priset på drivmedel ökar.",experiment1.html,2025-05-04T10:27:10.888Z,,
P_2025_05_04_AUFL4X,2025-05-04 10:28:19.282,32,male,2025-05-04T10:28:19.281Z,0,4,0,2025-05-04T10:29:30.246Z,Dåligt med köttskatt,experiment3.html,,,
P_2025_05_04_FPISBV,2025-05-04 10:37:52.159,48,female,2025-05-04T10:37:52.158Z,2,0,0,2025-05-04T10:42:49.631Z,"Jag tycker att straffskatter för köttindustrin är välkommet. Jag äter inte djur och tycker djurindustrin är fruktansvärd. Av den anledningen kan den straffskattas, men inte för att människor äter kött i sig. ",experiment4.html,,,
P_2025_05_04_SDA66Q,2025-05-04 11:12:12.845,62,female,2025-05-04T11:12:12.843Z,1,3,0,2025-05-04T11:18:52.926Z,Tveksam till att ta ut skatt på mat som faktiskt är nyttig. Skatt på alkohol har ju inte dämpat konsumtionen utan det har ju skett med begränsad tillgänglighet. ,experiment2.html,,,
P_2025_05_04_84FB8J,2025-05-04 10:55:56.457,28,female,2025-05-04T10:55:56.456Z,3,2,0,2025-05-04T10:58:15.354Z,Köttkonsumtionen bör minska och en köttskatt kan innebära att fler väljer andra proteinkällor som är både bättre för hälsan och miljön - och även plånboken! ,experiment3.html,2025-05-04T10:58:26.714Z,,
P_2025_05_04_8XEC1Q,2025-05-04 10:51:09.847,58,male,2025-05-04T10:51:09.845Z,2,4,0,2025-05-04T10:58:33.923Z,"Jag deltar aldrig i sociala medie diskussioner och det ör ju tydligt i detta exempel på varför man inte ska göra det eftersom folk i allmänhet inte kan skilja på fakta och känslor
Meningslös debatt då äppleb och päron mixas bland argumenten och de många har bara personangrepp att tillgå. Inga problem för min del
Jag äter gärna kött, dyrt kött är ok om djuren har haft det bra och den typen av kött äter jag helst
Skatta på men räkna inte med att endast veganskt är lösningen
Det går bra att odla köttprotein numera
Satsa på
Den tekniken så blir alla glada",experiment1.html,2025-05-04T10:59:19.045Z,,
P_2025_05_04_OXBFUI,2025-05-04 11:35:36.325,53,female,2025-05-04T11:35:36.324Z,3,3,1,2025-05-04T11:43:11.297Z,"Jag vet inte om skatt är rätta vägen, möjligtvis importförbud och högre krav på djurhållning. Det skulle få priserna att stiga o därmed få marknaden att se sig om efter alternativ. ",experiment1.html,,,
P_2025_05_04_Y2L563,2025-05-04 10:59:01.81,60,female,2025-05-04T10:59:01.809Z,2,3,1,2025-05-04T11:03:28.909Z,"Jag tror inte skatt är bästa vägen. Hellre vägledning för de grupper som äter mycket kött. Eller kött som påverkar hälsan mer än andra, som högprocessat kött, tex korv. ",experiment1.html,,,
P_2025_05_04_MLPIMH,2025-05-04 10:50:34.037,27,male,2025-05-04T10:50:34.036Z,2,4,0,2025-05-04T11:02:28.644Z,"Jag tror att det hade varit bra att vi äter mindre kött, men det gäller att vi har ett livsmedelssystem som klara av att försörja alla svenskar. Mindre kött innebär att man kommer äta annan mat. Då gäller det finns produktion som kan ta upp det.",experiment4.html,2025-05-04T11:03:50.226Z,,
P_2025_05_04_RCDD1U,2025-05-04 11:00:27.22,55,female,2025-05-04T11:00:27.219Z,4,0,3,2025-05-04T11:03:18.737Z,"@deltagare21
Även om jag inte äter kött själv vore det väl bättre att först börja beskatta kött som kommer från utlandet. ",experiment2.html,2025-05-04T11:05:15.892Z,Nej,Ja på kommentaren först ”stäng av till ljudlöst så inte störs”. Ni vänder er till vuxna människor så det är en onödig kommentar som bara irriterar. Annars jättebra uppställt. 
P_2025_04_25_FGB858,2025-04-25 06:21:34.59,51,female,2025-05-04T11:17:33.800Z,0,3,1,2025-05-04T11:18:53.406Z,Jag tycker att vi behöver kött för en allsidig kost! ,experiment4.html,2025-05-04T11:19:06.900Z,,
P_2025_05_04_IBO6C4,2025-05-04 11:29:40.091,18,male,2025-05-04T11:29:38.896Z,4,4,0,2025-05-04T11:36:26.536Z,@deltagare31 Jag håller med om det du säger. Det är en rimlig åtgärd,experiment4.html,,,
P_2025_05_04_T3YXYY,2025-05-04 11:21:35.824,34,female,2025-05-04T11:21:35.823Z,0,4,0,2025-05-04T11:23:09.055Z,Människa är en köttätare ,experiment1.html,2025-05-04T11:23:20.917Z,,
P_2025_05_04_RMDRX6,2025-05-04 11:31:34.744,32,female,2025-05-04T11:31:34.728Z,0,2,1,2025-05-04T11:34:01.989Z,"Tror det är svårt att få folk att sluta äta kött. 
Äter själv kött men sällan i vardagen oftast när vi är iväg. För många är så rädda för vegetariska alternativ. 

Tror lösningen är mer spännande alternativ. Mer ofabrikat. Finns så mycket bra linser, bönor osv. ",experiment2.html,2025-05-04T11:34:26.338Z,Nej,
P_2025_05_04_2L5KUD,2025-05-04 12:17:43.69,34,male,2025-05-04T12:17:43.689Z,2,3,0,2025-05-04T12:18:51.196Z,Skapa bättre och lika proteinrika substitut så kommer konsumtionen minska.,experiment1.html,,,
P_2025_05_04_VB982D,2025-05-04 11:30:16.426,45,female,2025-05-04T11:37:10.170Z,3,2,1,2025-05-04T11:38:22.558Z,"Jag blir rätt provoserad av att kommentarerna verkar fort blir personangrepp istället för kommentarer på artikeln.
Att införa köttskatt tror jag personligen är rätt väg att gå.",experiment3.html,2025-05-04T11:38:53.696Z,Nej,Hur folk kommenterar på artikeln
P_2025_05_04_HOLJ2Y,2025-05-04 11:58:55.058,19,prefer_not_say,2025-05-04T11:58:54.027Z,3,3,0,2025-05-04T12:03:32.249Z,Jag känner att förslaget är ganska rimligt. Köttkonsumtionen är ju rätt så maffig och det skulle definitivt inte skada att reducera den.,experiment3.html,,,
P_2025_05_04_LM80NF,2025-05-04 12:15:49.785,37,male,2025-05-04T12:15:49.784Z,0,4,1,2025-05-04T12:21:35.503Z,"Jag anser inte att skatt är ett bra sätt att minska människors konsumtion av kött. Jag skulle även motsätta mig godis/sockerskatt för att främja bättre hälsosam livstil. Avskaffa alkoholskatten, skatt på tobak etc. Skatten skulle också drabba dem med en redan svag ekonomi. 

Mer kött till folket.",experiment1.html,2025-05-04T12:22:42.873Z,,
P_2025_05_04_1NK1SY,2025-05-04 12:12:27.205,59,female,2025-05-04T12:12:25.903Z,1,4,0,2025-05-04T12:13:15.036Z,"Köttindustrin är hemsk, men köttskatt är nog inte rätt fram. Hellre ställa hårdare lagkrav än att bara de med pengar ska kunna konsumera kött, inte rätt väg att gå",experiment1.html,2025-05-04T12:13:18.488Z,,
P_2025_05_04_52F129,2025-05-04 12:13:12.561,60,male,2025-05-04T12:13:12.560Z,0,2,3,2025-05-04T12:16:34.725Z,"Tycker man har rätt till en åsikt och övertygelse samt att följa den. Vad man inte har rätt till är att tvinga på andra sina åsikter, sin moraliska hållning eller sin ideologi. Helt ok att välja att vara vegan. Inte ok att tvinga andra in i veganismen.",experiment2.html,2025-05-04T12:16:45.109Z,,
P_2025_05_04_XHNM7G,2025-05-04 12:15:05.625,29,female,2025-05-04T12:15:05.620Z,1,4,0,2025-05-04T12:17:07.348Z,"Jag förstår argumenten kring köttskatt om det faktiskt hade bidragit till någonting bra och om substituten blev billigare. Just nu är substituten också väldigt dyra och det känns tråkigt och som en hälsofara för familjer som inte har råd och där barnen kanske inte får i sig de näringsämnen de behöver. Roligt kommentarsfält, precis så icke-konstruktivt som de brukar se ut!",experiment1.html,2025-05-04T12:17:10.513Z,,
P_2025_05_04_3AL345,2025-05-04 12:23:58.235,31,female,2025-05-04T12:23:58.234Z,1,4,0,2025-05-04T12:24:55.188Z,"Å ena sidan behöver vi göra något åt köttindustrin, å andra sidan är kanske inte just skatt rätt väg fram. Vi behöver ställa högre krav på företagen, inte konsumenterna.",experiment1.html,2025-05-04T12:25:01.706Z,,
P_2025_05_04_GA63SZ,2025-05-04 12:48:14.001,23,male,2025-05-04T12:48:14.000Z,0,4,0,2025-05-04T12:50:04.942Z,Inte speciellt konstruktivt kommentarsfält😂 intressant att artikeln är från 2019. Skulle vara kul att se hur folk ställer sig till det här idag och framförallt varför. Man saknar en del svar på varför människor tycker som de gör i kommentarsfältet,experiment1.html,,,
P_2025_05_04_GW9CPV,2025-05-04 12:25:41.142,27,female,2025-05-04T12:25:41.141Z,0,0,0,2025-05-04T12:27:31.326Z,"Varför inte ställa högre krav på företagen istället för att skatta? Förstår att de går hand i hand, men tycker oftast att väljer att ”straffa” åt fel håll eftersom en direkt effekt kommer vara att priserna skjuter i höjden och de med mindre pengar i fickorna inte kommer ha möjlighet att köpa kött samtidigt som köttindustrin fortstätter…",experiment2.html,2025-05-04T12:27:39.283Z,,Intressant studie!
P_2025_05_04_THIUPE,2025-05-04 12:28:28.648,39,female,2025-05-04T12:28:28.647Z,0,4,1,2025-05-04T12:30:31.931Z,"Jag är verkligen för djurens rätt, men beskattning resulterar bara i att människor behöver betala mer och stt konsumtionen minskar kortsiktigt för att sedan öka idag. Bara ett sätt att höja priserna på kött. Bra för företag och mindre bra för låginkomsttagare. Roligt kommentarsfält, skrattade högt :)",experiment2.html,2025-05-04T12:30:36.954Z,,
P_2025_05_04_F2N8EQ,2025-05-04 12:23:23.993,39,male,2025-05-04T12:23:23.992Z,2,3,0,2025-05-04T12:36:41.097Z,"Ska det bli en klassfråga att äta kött, med tanke på dagens stigande matpriser känns det olustigt med en extra kostnad i dagsläget. Inför skatt på socker, läsk, chips, vitt bröd och allt annat som är mycket mer onyttigt än kött så får vi en hälsosammare befolkning.",experiment4.html,2025-05-04T12:37:00.583Z,,
P_2025_05_04_IYQC5S,2025-05-04 13:00:02.235,29,female,2025-05-04T13:00:02.233Z,1,3,0,2025-05-04T13:03:21.653Z,"Haha! Kommentarerna känns väldigt mycket som Flashback. Inga argument som faktiskt är underbyggda av något, utan snarare bara argsinta. Vad gäller skattefrågan sitter jag nog inte riktigt på så mycket fakta för att kunna uttala mig, men en effekt blir ju att priserna stiger och att alla inte har råd.. man kommer ju inte åt grundproblemet riktigt, men vad vet jag. ",experiment3.html,,,
P_2025_05_04_H2TZNJ,2025-05-04 12:36:39.809,26,male,2025-05-04T12:36:38.748Z,0,4,0,2025-05-04T12:38:23.832Z,"Intressant artikel. Tycker absolut inte skatt är rätt väg fram. Ser dessutom att artikeln är publiceras 2019. Titta så bra det gick med skatten på plastpåsarna… inför hellre då högre krav på företagen tycker jag. Förstår problematiken, men det här är bara ytterligare ett sätt för företagen att kunna undgå sina ansvar.",experiment2.html,2025-05-04T12:38:58.345Z,,
P_2025_05_04_OM8PO4,2025-05-04 12:50:45.392,28,male,2025-05-04T12:50:45.390Z,2,4,0,2025-05-04T12:53:23.879Z,"Rolig ton in kommentarerna. Alla har sjukt starka åsikter men verkar också rätt opålästa eftersom inget är underbyggt av något vettigt argument annat än hån… även om det är roligt att läsa, haha.",experiment3.html,2025-05-04T12:54:16.982Z,,Lycka till! 
P_2025_05_04_GNZ2HP,2025-05-04 12:39:44.608,32,female,2025-05-04T12:45:31.947Z,0,3,0,2025-05-04T12:47:37.859Z,Kommentarsfältet är roligt. De som är för skatten har en mjukare ton och de som är emot skatten är extremt nedlåtande i sin ton.. rolig kontrast och det är nog precis så det ser ut i de verkligen kommentarsfälten också.,experiment2.html,2025-05-04T12:44:10.549Z,Fick starta om studien två ggr för att kunna skicka iväg min kommentar..,
P_2025_05_04_012VON,2025-05-04 12:54:27.159,61,female,2025-05-04T12:54:27.158Z,2,3,2,2025-05-04T12:57:21.147Z,Ingen kommentar ,experiment3.html,,,
P_2025_05_04_CCUA0Q,2025-05-04 15:25:18.774,36,male,2025-05-04T15:25:17.731Z,3,0,3,2025-05-04T15:39:27.638Z,Köttskatt kan vara ett steg i rätt riktning. Trist att det (som vanligt) läggs på konsumenten men vi borde lägga köttindustrin bakom oss.,experiment1.html,2025-05-04T15:43:01.180Z,,Stod helt stilla när jag skulle bestämma vad jag skulle skriva. I vanliga fall hade jag nog scrollat förbi
P_2025_05_04_C7B1HU,2025-05-04 12:48:00.882,20,nonbinary_other,2025-05-04T12:48:00.881Z,2,2,0,2025-05-04T13:00:26.347Z,"köttskatt låter bra i teori, men att höja priset på kött kommer främst leda till att endast rika kan äta det. hur djur behandlas och köttindustrins påverkan på klimatet är såklart inte bra, men att göra det svårare för låginkomst hushåll att äta kött är inte den bästa lösningen. o andra sidan skulle det vara bra att använda köttskattspengar för att sänka pris på grönsaker och annat nyttigt som i nuläget är rätt så dyrt. det är en intressant artikel.",experiment3.html,2025-05-04T13:00:56.615Z,,
P_2025_05_04_YVTIGH,2025-05-04 13:04:18.299,30,male,2025-05-04T13:04:18.298Z,1,4,0,2025-05-04T13:07:30.460Z,Håller med @deltagare26. Man kanske ska lämna de starka åsikterna till experterna.,experiment4.html,,,
P_2025_05_04_WJCYQZ,2025-05-04 13:08:10.722,32,prefer_not_say,2025-05-04T13:08:10.720Z,1,4,0,2025-05-04T13:10:48.723Z,Håller med @deltagare36 om att det är snålt med faktiska förslag på åtgärder. Deltagare25 hade ett bra förslag.,experiment1.html,,,
P_2025_05_04_1CMWVJ,2025-05-04 13:11:34.308,33,female,2025-05-04T13:11:34.307Z,2,2,1,2025-05-04T13:14:07.019Z,Dåligt med källor i artikeln och ännu värre i kommentarerna. En artikel som är mer underbyggd av fakta resulterar förhoppningsvis i samma anda i kommentarerna,experiment3.html,,,
P_2025_05_04_I13DGT,2025-05-04 13:14:37.86,27,male,2025-05-04T13:14:37.859Z,0,1,0,2025-05-04T13:16:43.118Z,"Skulle behöva mer forskning, men spontant tror jag skatt inte är lösningen. ",experiment4.html,,,
P_2025_05_04_HZX8KA,2025-05-04 13:17:54.188,29,female,2025-05-04T13:17:54.187Z,2,3,1,2025-05-04T13:20:29.182Z,Allt ”dåligt” kan ju inte beskattas.. vi har ju sjukt mycket annat dåligt vi konsumerar och resultatet blir ju enbart högre kostnader. Men är inte lika passionerad i frågan som alla under diskussionsboxen verkar vara,experiment3.html,,,
P_2025_05_04_DRM4KP,2025-05-04 13:21:08.177,31,male,2025-05-04T13:21:08.176Z,0,4,0,2025-05-04T13:23:32.935Z,"Det behöver ske förändringar i köttindustrin, men beskattning är en enkel utväg som hah inte tror är effektiv i längden och på sikt..",experiment3.html,,,
P_2025_05_04_99K23J,2025-05-04 13:25:53.986,30,female,2025-05-04T13:25:53.972Z,1,2,0,2025-05-04T13:28:12.780Z,Man pratar inte jättemycket om hälsofördelsrna och nackdelarna med kött. Sen kanske skatt innebär en dipp i konsumtionen men om ma inte lyckas skapa goda och näringsrika ersättningr till kött så kommer konsumtionen möjligtvis stiga igen. Diskussionsfältet känns mest som en tävling mellan vilka som kan skriva mest aggressiva kommentarer..,experiment1.html,,,
P_2025_05_04_DMDAVH,2025-05-04 13:29:47.817,28,male,2025-05-04T13:29:47.816Z,0,4,1,2025-05-04T13:31:38.416Z,Jag tycker att köttskatt inte är en bra idé. Finns nog andra lösningar politikerna kan komma på,experiment1.html,,,
P_2025_05_04_L8LERW,2025-05-04 13:32:25.174,48,female,2025-05-04T13:32:25.173Z,2,3,0,2025-05-04T13:33:09.865Z,.,experiment3.html,,,
P_2025_05_04_MZNK9U,2025-05-04 13:33:57.182,29,female,2025-05-04T13:33:57.181Z,2,2,0,2025-05-04T13:37:05.618Z,Köttskatt känns inte som en dum idé men man hade behövt kombinera det med att höja kraven på slaktarna och kötthandlarna också.. annars gör det ju ingen större skillnad.,experiment2.html,,,
P_2025_05_04_62TYWD,2025-05-04 14:55:00.031,50,female,2025-05-04T14:55:00.030Z,2,4,0,2025-05-04T15:10:54.439Z,Jag är osäker på om skatt är lösningen. Bättre att subventionera de gårdar som hanterar djuren på bästa möjliga sätt och motivera till närproducerat. ,experiment2.html,,,
P_2025_05_04_H8WD5B,2025-05-04 15:03:28.49,49,male,2025-05-04T15:03:27.442Z,2,2,1,2025-05-04T15:06:57.157Z,Det är inte en rättighet att äta kött. Bra förslag.,experiment3.html,2025-05-04T15:07:07.864Z,,
P_2025_05_04_HZBKCC,2025-05-04 15:51:29.162,33,female,2025-05-04T15:51:28.048Z,4,0,0,2025-05-04T15:58:57.249Z,"Jag tycker att vi som lever idag har ett ansvar att lämna efter oss jorden i ett sådant tillstånd som gör att kommande generationer inte ska behöva straffas för våra val. Hur vi hanterar jordens resurser idag är ohållbart i längden. Vi måste göra förändringar i vår vardag, även om det kanske inte är det roligaste vi vet. Men det går inte att tänka själviskt längre. Gör det enklare att göra rätt - köttskatt är ett sådant tillvägagångssätt.",experiment1.html,,,
P_2025_05_04_KCD207,2025-05-04 18:03:54.354,38,female,2025-05-04T18:03:53.276Z,4,2,0,2025-05-04T18:09:58.116Z,"Jag väljer gärna veganskt, av så många olika anledningar. Köttskatt låter som en god idé. Det kanske kan hjälpa andra att välja bort kött ibland. ",experiment3.html,,,
P_2025_05_04_3ZFU2A,2025-05-04 15:57:23.663,45,female,2025-05-04T16:01:40.164Z,0,2,0,2025-05-04T16:06:28.137Z,"Beskattning är ett effektivt verktyg för att minska konsumtionen, men det är i såfall utifrån ett djuretiskt och ett miljöperspektiv . Ur ett hälsoperspektiv är det  etydligt mera effektivt att införa höga skatter på  socker",experiment3.html,2025-05-04T16:06:39.393Z,Nej,Nej
P_2025_05_04_EXSCFE,2025-05-04 17:38:05.275,29,female,2025-05-04T17:42:54.956Z,2,3,1,2025-05-04T17:45:24.899Z,Om något håller jag med @deltagare27. Vi borde börja i rätt ände. Sen tycker jag det finns på tok för dåligt med substitut på marknaden idag som är till ett rimligt pris. Det är ett större problem för så länge det inte finns billiag och bra alternativ kommer alla vilja köpa kött,experiment3.html,2025-05-04T17:45:28.868Z,,
P_2025_05_04_4JJ4EW,2025-05-04 16:25:01.695,50,female,2025-05-04T16:25:00.650Z,2,3,1,2025-05-04T16:29:46.301Z,Det här får mig att fundera på  att även avocado och andra grönsaker borde ha punktskatt då det går åt otroligt mycket reusrer att driva upp dem,experiment1.html,2025-05-04T16:30:11.047Z,Nej,Nej
P_2025_05_04_0B0ACB,2025-05-04 16:40:06.798,29,male,2025-05-04T16:40:06.796Z,2,4,0,2025-05-04T16:46:48.316Z,Vi behöver bättre kött-substitut umph och qorn håller inte måttet. Fixar dom detta blir tröskeln lägre för folk att välja vego-produkter! ,experiment4.html,,,
P_2025_05_04_RF9ABM,2025-05-04 18:54:22.708,52,male,2025-05-04T18:54:22.691Z,3,2,0,2025-05-04T19:00:20.808Z,"För mig handlar det om att beskatta processat kött, för snabbmatskedjor tex högt och ge subventioner för ekologiskt  natur kött. ",experiment4.html,,,
P_2025_05_04_G3S6FS,2025-05-04 18:17:59.258,42,female,2025-05-04T18:17:58.219Z,2,3,0,2025-05-04T18:20:48.482Z,@deltagare25 Intressant fundering som jag kan hålla med om.,experiment3.html,2025-05-04T18:21:28.284Z,,
P_2025_05_04_188LH9,2025-05-04 18:42:02.458,53,male,2025-05-04T18:42:02.457Z,1,3,2,2025-05-04T18:44:51.779Z,Tycker inte fler skatter generellt för samhället framåt. Köttindustrin i Sverige är välskött vad jag vet och bidrar till många viktiga saker.,experiment3.html,2025-05-04T18:45:56.797Z,,Studiens upplägg är bra och entusiasmerande!
P_2025_05_04_0YLDUP,2025-05-04 18:19:21.977,53,male,2025-05-04T18:19:21.973Z,1,2,1,2025-05-04T18:21:32.322Z,Svårt med skatter som inte tar hänsyn till inkomst ,experiment4.html,2025-05-04T18:21:46.287Z,,
P_2025_05_04_C5VCWJ,2025-05-04 18:20:26.513,54,female,2025-05-04T18:20:26.494Z,0,3,0,2025-05-04T18:22:11.998Z,Jag håller med om att man bör inför en köttskatt. Det som är skadligt ska beskattas.,experiment4.html,,,
P_2025_05_04_QZFFXZ,2025-05-04 18:52:26.016,52,male,2025-05-04T18:52:24.810Z,0,4,1,2025-05-04T18:57:04.064Z,"Kött är det bästa en människa kan äta, ur både hälso ohch miljösynpunkt. Varför skulle man beskatta det? Skatt på mat är dessutom helt befängt ur ett fördelningsperspektiv eftersom det slår hårdast mot dem som har minst pengar. ",experiment3.html,2025-05-04T18:58:43.855Z,Inga problem - hälsa Annika!,Kanske en lite tydligare instruktion hade varit hjälpsam. Förstod inte att det gällde kommentarer och sociala medier utan att studien gällde kostvanor :-) 
P_2025_05_04_YWXODL,2025-05-04 13:38:30.796,31,female,2025-05-04T20:04:43.919Z,3,2,0,2025-05-04T20:08:28.098Z,"Sjukt intressant! Skrämmande kommentarer dock. Någonstans har det skapats ett extremt motstånd kring vegetarisk kost där man väljer att blunda för nackdelarna med kött och istället håna de som bryr sig om planeten, hälsan och djuren. Det är ett intressant skifte i kulturen och framförallt bland troll på nätet.. även om ovan kommentarsfält är fabricerat är det precis så det ser ut. Viktigare att håna att att framföra vettiga och underbyggda argument.",experiment4.html,2025-05-04T20:08:34.995Z,,
P_2025_05_04_3NEW1F,2025-05-04 19:58:20.149,30,female,2025-05-04T19:58:20.147Z,1,3,0,2025-05-04T20:00:01.211Z,"Intressant. Vad är anledningen till att folk vänder sig till kött trots alla påstådda nackdelar? Är det att forskningen kring nackdelarna inte är tillräckligt tydlig eller att det inte finns tillräckligt med bra substitut? Är inte lika emot det som många av personerna som kommenterat, men ändå inte helt för. Vet inte om skatt är lösningen på problemet",experiment1.html,2025-05-04T20:00:05.067Z,,
P_2025_05_04_JJKNYL,2025-05-04 19:54:01.871,49,male,2025-05-04T19:54:00.693Z,2,3,0,2025-05-04T20:00:00.284Z,"Jag tycker det är intressant att använda skatt som ett verktyg att pusha samhällets invånare till ett beteende som är till nytta för bättre klimat, hälsa etc. Och jag tror att man behöver göra det i ett större perspektiv. Att enbart göra det för enstaka faktorer som kött men samtidigt inte göra det inom exempelvis flygskatt blir märkligt. Det blir snabbt komplext men jag tror samtidigt att vi står inför svåra beslut att fatta för att vi ska komma till rätta med klimatutmaningarna. ",experiment4.html,2025-05-04T20:00:36.226Z,,
P_2025_05_04_9C0R8V,2025-05-04 20:00:42.413,28,male,2025-05-04T20:00:42.411Z,0,4,1,2025-05-04T20:04:04.184Z,"Forskningen säger ju helt olika om huruvida kött är bra för hälsan eller inte. Man måste ju ha en lösning som är minst lika bra för hälsan innan man inför skatt på det och då skulle de ”substituten” behöva vara lika näringsrika. Jag har själv ätit vegetariskt under en tid och det var svårt att få i sig samma mängd näring utan att behöva äta tillskott. Samtidigt är jag helt för minskad konsumtion, men vad händer om vi börjar skatta folk på det här och familjer med mindre pengar helt plötsligt inte har råd längre..",experiment4.html,,,
P_2025_05_04_WXQGZP,2025-05-04 20:01:40.5,53,female,2025-05-04T20:01:40.498Z,1,3,0,2025-05-04T20:05:12.752Z,"Först måste man fråga sig hur kött definieras. Det är skillnad på viltkött och nötkött, processat och ej. Men jag är hellre för mer information, hur mår djuren, hur har de fraktats hit, hur har detta påverkat miljön, hur påverkas vi",experiment3.html,2025-05-04T20:05:47.557Z,,
P_2025_05_04_5YHRUB,2025-05-04 21:09:13.412,20,nonbinary_other,2025-05-04T21:09:12.143Z,1,4,2,2025-05-04T21:17:31.407Z,"Visst, man kan utöka utbudet av kött-alternativ men så länge det är (förrutom billigare), enklare att köpa kött så kan man inte lägga skatt på det. Mat är dyrt som det är, utan extra skatt på kött. ",experiment1.html,2025-05-04T21:19:18.228Z,,"Väldigt intressant att man fick ""svara i ett kommentarsfält"" :)"
P_2025_05_05_E2QKP7,2025-05-05 03:53:28.859,49,male,2025-05-05T03:53:27.754Z,0,4,0,2025-05-05T03:56:45.128Z,"Lägg skatt/tull på kött och mejeriprodukter från djur uppfödda i utlandet, för att stötta svenskt jordbruk.",experiment4.html,2025-05-05T03:57:00.722Z,,
P_2025_05_05_EXCNXQ,2025-05-05 05:30:46.319,44,male,2025-05-05T05:30:45.092Z,1,4,1,2025-05-05T05:38:43.629Z,Det här får mig att fundera på vilka mer medel som finns för att driva ett förändrat hållningssätt till köttkonsumtion. Ex högre krav på djurhållning etc vilket dock måste ses i ljuset av hur det påverkar  konkurrens och inte bara slår ut ex svenska alternativ ,experiment1.html,2025-05-05T05:39:12.115Z,,
P_2025_05_05_SA3C2Y,2025-05-05 05:49:12.595,56,female,2025-05-05T05:49:11.298Z,2,2,2,2025-05-05T05:55:35.408Z,"Innan nya skatter läggs på bör man se över helheten /effekterna. 
Att beskatta köttproduktion - innebär det även skatt på mejeriprodukter - vad skulle det innebära för vår lantbrukssektor, öppna landskap, - vad händer om vi tar mjölkproduktion- tänder, ersättare till mjölk mm ",experiment3.html,2025-05-05T05:56:36.057Z,Nej ,Bra kommentar att lägga in - andas i 10 sek 
P_2025_05_05_RKQKI1,2025-05-05 07:21:33.528,71,male,2025-05-05T07:21:32.298Z,2,3,0,2025-05-05T07:29:04.064Z,"Jag äter gärna kött men varierar med både fågel och fisk.
Äter helst svenskt för dessa djur har det bra.
Lägg skatt på importerat kött istället ",experiment3.html,2025-05-05T07:29:17.005Z,,
